"","X","Area.of.residence","Area.of.workplace","All.categories..Method.of.travel.to.work","Work.mainly.at.or.from.home","Underground..metro..light.rail..tram","Train","Bus..minibus.or.coach","Taxi","Motorcycle..scooter.or.moped","Driving.a.car.or.van","Passenger.in.a.car.or.van","Bicycle","On.foot","Other.method.of.travel.to.work","dist","p_cycle","n_cycle","pc1"
"1",915238,"E02002344","E02002344",63,0,0,0,1,0,0,37,1,0,24,0,0,0.3,18.9,18.9
"2",915241,"E02002344","E02002347",68,0,0,0,3,3,1,38,10,1,12,0,1790.24264395089,0.209711745197733,14.2603986734458,13.2603986734458
"3",915243,"E02002344","E02002349",35,0,0,1,0,1,0,21,7,0,5,0,2212.90989133587,0.192712703389375,6.74494461862813,6.74494461862813
"4",915246,"E02002344","E02002352",95,0,0,0,8,0,1,55,8,2,21,0,1441.78664273211,0.224848118663876,21.3605712730682,19.3605712730682
"5",915247,"E02002344","E02002353",14,0,0,0,0,0,0,12,1,0,1,0,1595.92998454051,0.218022109582166,3.05230953415033,3.05230953415033
"6",915248,"E02002344","E02002354",45,0,0,0,1,0,0,35,1,1,7,0,2270.67738465662,0.190499010004195,8.57245545018876,7.57245545018876
"7",915251,"E02002344","E02002358",30,0,0,0,1,0,0,28,0,1,0,0,4776.7044110814,0.115404297387441,3.46212892162322,2.46212892162322
"8",915254,"E02002344","E02002361",39,0,0,0,2,1,0,34,1,0,1,0,2881.59168959273,0.168589056726406,6.57497321232985,6.57497321232985
"9",915256,"E02002344","E02002363",65,0,0,1,12,1,0,49,1,0,1,0,2933.73663680461,0.166839979639938,10.844598676596,10.844598676596
"10",915257,"E02002344","E02002364",27,0,0,0,3,0,0,20,2,0,1,1,4963.49283477577,0.111172595455758,3.00166007730546,3.00166007730546
"11",915258,"E02002344","E02002366",17,0,0,0,4,0,0,11,0,0,2,0,3676.75543769184,0.143801142039816,2.44461941467688,2.44461941467688
"12",915259,"E02002344","E02002367",11,0,0,0,0,0,1,10,0,0,0,0,3962.4798730804,0.135814026815895,1.49395429497485,1.49395429497485
"13",915261,"E02002344","E02002369",11,0,0,0,0,0,0,10,1,0,0,0,4774.53665932891,0.115454341808626,1.26999775989489,1.26999775989489
"14",915263,"E02002344","E02002371",39,0,0,0,6,0,0,29,4,0,0,0,3957.76076463978,0.135942271550516,5.30174859047014,5.30174859047014
"15",915267,"E02002344","E02002376",4,0,0,0,0,0,0,4,0,0,0,0,4641.69702548504,0.118562834567718,0.474251338270871,0.474251338270871
"16",915268,"E02002344","E02002377",14,0,0,0,1,0,0,10,2,0,1,0,4337.78414108687,0.125992911374813,1.76390075924738,1.76390075924738
"17",915269,"E02002344","E02002379",9,0,0,0,1,0,0,6,2,0,0,0,5972.91606887023,0.0908490429947723,0.817641386952951,0.817641386952951
"18",915272,"E02002344","E02002382",10,0,0,0,1,0,0,9,0,0,0,0,4878.44004599563,0.113079879302055,1.13079879302055,1.13079879302055
"19",915274,"E02002344","E02002384",46,0,0,0,8,0,2,31,5,0,0,0,5154.57022991312,0.107004236664522,4.92219488656801,4.92219488656801
"20",915279,"E02002344","E02002389",6,0,0,0,0,0,0,5,0,0,1,0,5600.13059716959,0.0978813817472406,0.587288290483443,0.587288290483443
"21",915280,"E02002344","E02002390",29,0,0,0,1,0,0,19,3,1,4,1,6520.29435337053,0.0814283590801374,2.36142241332398,1.36142241332398
"22",915283,"E02002344","E02002393",125,0,0,0,19,0,1,98,3,4,0,0,5534.52145366497,0.0991742281758283,12.3967785219785,8.39677852197854
"23",915284,"E02002344","E02002394",18,0,0,0,2,0,0,14,2,0,0,0,5786.89720784489,0.0942926301251343,1.69726734225242,1.69726734225242
"24",915294,"E02002344","E02002404",24,0,0,0,2,1,0,21,0,0,0,0,6909.51586490449,0.0753300632650005,1.80792151836001,1.80792151836001
"25",915461,"E02002344","E02006861",39,0,0,0,1,0,0,34,3,0,1,0,4823.18010960792,0.114336568353505,4.45912616578671,4.45912616578671
"26",916179,"E02002347","E02002344",19,0,0,0,1,1,0,10,1,0,6,0,1790.24264395089,0.209711745197733,3.98452315875692,3.98452315875692
"27",916182,"E02002347","E02002347",187,0,0,0,10,3,0,46,5,2,121,0,0,0.3,56.1,54.1
"28",916184,"E02002347","E02002349",15,0,0,0,1,0,0,6,6,1,1,0,3602.01171005291,0.145966936341263,2.18950404511895,1.18950404511895
"29",916187,"E02002347","E02002352",59,0,0,3,6,4,0,28,4,2,12,0,1553.55407529706,0.219877738898586,12.9727865950166,10.9727865950166
"30",916188,"E02002347","E02002353",9,0,0,0,0,0,0,8,1,0,0,0,2386.2890706876,0.186144761849922,1.6753028566493,1.6753028566493
"31",916189,"E02002347","E02002354",55,0,0,1,3,1,0,26,3,0,21,0,1162.44942337932,0.23776732988548,13.0772031437014,13.0772031437014
"32",916192,"E02002347","E02002358",10,0,0,0,1,0,0,7,0,0,2,0,6205.61401990646,0.0867178435591477,0.867178435591477,0.867178435591477
"33",916195,"E02002347","E02002361",18,0,0,0,2,0,0,13,2,0,1,0,3293.74762540899,0.155249414516221,2.79448946129197,2.79448946129197
"34",916197,"E02002347","E02002363",35,0,0,0,2,3,1,23,3,0,3,0,2559.73586311082,0.179798234372043,6.29293820302151,6.29293820302151
"35",916198,"E02002347","E02002364",18,0,0,0,4,0,0,11,1,2,0,0,6143.18827807878,0.0878073156602254,1.58053168188406,-0.419468318115943
"36",916199,"E02002347","E02002366",8,0,0,0,1,0,0,3,2,2,0,0,4503.91303422754,0.121875480004741,0.975003840037927,-1.02499615996207
"37",916200,"E02002347","E02002367",11,0,0,0,2,0,0,7,0,0,2,0,3039.36362501888,0.163352386823171,1.79687625505488,1.79687625505488
"38",916202,"E02002347","E02002369",5,0,0,0,1,0,0,4,0,0,0,0,5670.01059412903,0.0965229067506687,0.482614533753344,0.482614533753344
"39",916204,"E02002347","E02002371",40,0,0,0,6,3,1,26,1,0,3,0,3652.68750288567,0.144495009999252,5.7798003999701,5.7798003999701
"40",916208,"E02002347","E02002376",2,0,0,0,0,0,0,2,0,0,0,0,5091.80443944956,0.10835594411228,0.216711888224559,0.216711888224559
"41",916209,"E02002347","E02002377",11,0,0,0,2,0,0,9,0,0,0,0,4326.04142179558,0.1262891589921,1.3891807489131,1.3891807489131
"42",916210,"E02002347","E02002379",12,0,0,0,1,1,0,9,1,0,0,0,6902.40666758633,0.0754372467025122,0.905246960430146,0.905246960430146
"43",916213,"E02002347","E02002382",8,0,0,0,1,0,0,7,0,0,0,0,4975.06171342433,0.110915664357677,0.887325314861417,0.887325314861417
"44",916214,"E02002347","E02002384",45,0,0,0,8,0,0,34,0,1,2,0,4455.57129218751,0.123059529284876,5.53767881781944,4.53767881781944
"45",916219,"E02002347","E02002390",8,0,0,0,2,0,0,6,0,0,0,0,7257.38894022425,0.070267169680288,0.562137357442304,0.562137357442304
"46",916222,"E02002347","E02002393",70,0,0,0,18,0,0,47,3,2,0,0,5295.31371203056,0.104034204266746,7.28239429867222,5.28239429867222
"47",916223,"E02002347","E02002394",11,0,0,0,3,0,0,8,0,0,0,0,5827.01310161642,0.0935391302724138,1.02893043299655,1.02893043299655
"48",916233,"E02002347","E02002404",14,0,0,0,1,0,0,11,1,1,0,0,6701.43707458815,0.0785311263129629,1.09943576838148,0.0994357683814804
"49",916342,"E02002347","E02006861",19,0,0,0,2,0,1,15,1,0,0,0,3625.02663315605,0.145296596743161,2.76063533812005,2.76063533812005
"50",916777,"E02002349","E02002344",13,0,0,0,1,2,0,9,0,0,1,0,2212.90989133587,0.192712703389375,2.50526514406188,2.50526514406188
"51",916780,"E02002349","E02002347",27,0,0,0,1,0,0,22,3,1,0,0,3602.01171005291,0.145966936341263,3.9411072812141,2.9411072812141
"52",916782,"E02002349","E02002349",76,0,0,0,2,0,1,33,4,0,36,0,0,0.3,22.8,22.8
"53",916785,"E02002349","E02002352",57,0,0,0,7,2,0,21,5,3,19,0,2230.49427670435,0.192036146881379,10.9460603722386,7.94606037223861
"54",916786,"E02002349","E02002353",33,0,0,0,2,1,0,15,0,0,15,0,1385.00047329851,0.22741632760599,7.50473881099767,7.50473881099767
"55",916787,"E02002349","E02002354",29,0,0,1,4,0,1,18,2,0,3,0,3371.46308349337,0.152855015032792,4.43279543595096,4.43279543595096
"56",916790,"E02002349","E02002358",20,0,0,0,0,0,0,17,2,1,0,0,2613.51091216413,0.177874864070353,3.55749728140706,2.55749728140706
"57",916792,"E02002349","E02002361",44,0,0,0,4,2,0,21,5,1,11,0,1914.65337687773,0.204558050204275,9.0005542089881,8.0005542089881
"58",916794,"E02002349","E02002363",49,0,0,1,2,1,0,39,1,5,0,0,2939.22148515556,0.166657061588618,8.16619601784227,3.16619601784227
"59",916795,"E02002349","E02002364",26,0,0,0,4,1,0,17,1,0,3,0,2760.81299457766,0.172711034257043,4.49048689068311,4.49048689068311
"60",916796,"E02002349","E02002366",23,0,0,0,7,0,0,13,0,1,2,0,1831.59146033276,0.20798462996868,4.78364648927965,3.78364648927965
"61",916797,"E02002349","E02002367",8,0,0,0,0,0,0,8,0,0,0,0,4222.2136618113,0.128939041000901,1.03151232800721,1.03151232800721
"62",916799,"E02002349","E02002369",6,0,0,0,0,0,1,4,0,0,1,0,2733.41137021254,0.173660145176555,1.04196087105933,1.04196087105933
"63",916801,"E02002349","E02002371",23,0,0,0,3,0,0,19,1,0,0,0,3470.33583833569,0.14986206539268,3.44682750403164,3.44682750403164
"64",916805,"E02002349","E02002376",6,0,0,0,0,0,0,5,1,0,0,0,3064.20686075214,0.162542759494377,0.975256556966265,0.975256556966265
"65",916806,"E02002349","E02002377",13,0,0,0,1,0,0,9,2,1,0,0,3381.59452006495,0.152545600442198,1.98309280574858,0.983092805748578
"66",916807,"E02002349","E02002379",17,0,0,0,0,0,0,15,1,1,0,0,3859.59385271057,0.138637651278997,2.35684007174295,1.35684007174295
"67",916810,"E02002349","E02002382",7,0,0,0,2,0,0,5,0,0,0,0,3677.65821520215,0.143775180296257,1.0064262620738,1.0064262620738
"68",916812,"E02002349","E02002384",32,0,0,0,6,0,1,22,1,1,1,0,4882.70698497359,0.112983419477805,3.61546942328975,2.61546942328975
"69",916817,"E02002349","E02002389",2,0,0,0,0,0,0,2,0,0,0,0,3895.2413494663,0.137652749334902,0.275305498669804,0.275305498669804
"70",916818,"E02002349","E02002390",16,0,0,0,2,0,0,11,2,0,1,0,4517.0602398226,0.121555436558313,1.94488698493301,1.94488698493301
"71",916821,"E02002349","E02002393",124,0,0,0,16,1,2,88,4,10,3,0,4632.76214137664,0.118774893020343,14.7280867345225,4.72808673452249
"72",916822,"E02002349","E02002394",18,0,0,0,0,0,0,17,0,1,0,0,4521.97421765247,0.121436031099433,2.18584855978979,1.18584855978979
"73",916831,"E02002349","E02002404",16,0,0,1,3,1,0,9,2,0,0,0,5817.41756016081,0.0937188143543219,1.49950102966915,1.49950102966915
"74",916960,"E02002349","E02006861",19,0,0,0,0,0,0,16,1,1,1,0,5252.2247556599,0.104934623564709,1.99375784772947,0.993757847729472
"75",917761,"E02002352","E02002344",28,0,0,0,2,0,0,17,0,3,6,0,1441.78664273211,0.224848118663876,6.29574732258852,3.29574732258852
"76",917763,"E02002352","E02002347",57,0,0,0,3,1,1,37,3,3,9,0,1553.55407529706,0.219877738898586,12.5330311172194,9.53303111721941
"77",917765,"E02002352","E02002349",39,0,0,0,5,0,0,16,8,1,9,0,2230.49427670435,0.192036146881379,7.48940972837378,6.48940972837378
"78",917768,"E02002352","E02002352",156,0,0,2,9,2,0,59,4,3,77,0,0,0.3,46.8,43.8
"79",917769,"E02002352","E02002353",32,0,0,0,3,0,0,10,3,0,16,0,880.361100796051,0.251567226119928,8.05015123583769,8.05015123583769
"80",917770,"E02002352","E02002354",39,0,0,0,1,0,0,24,1,0,13,0,1157.11868379105,0.23802096020882,9.28281744814396,9.28281744814396
"81",917773,"E02002352","E02002358",19,0,0,0,0,2,0,14,1,0,2,0,4760.73292280907,0.115773522457338,2.19969692668942,2.19969692668942
"82",917776,"E02002352","E02002361",28,0,0,0,3,0,0,18,0,2,5,0,1787.30251162213,0.209835097517749,5.87538273049696,3.87538273049696
"83",917778,"E02002352","E02002363",83,0,0,0,9,0,1,37,8,2,25,1,1497.95044232535,0.222336585858921,18.4539366262905,16.4539366262905
"84",917779,"E02002352","E02002364",16,0,0,0,0,0,0,14,1,0,1,0,4611.51699913709,0.11928064463527,1.90849031416432,1.90849031416432
"85",917780,"E02002352","E02002366",14,0,0,0,4,0,0,8,0,0,2,0,2950.99318478311,0.166265155735475,2.32771218029665,2.32771218029665
"86",917781,"E02002352","E02002367",7,0,0,0,0,0,1,6,0,0,0,0,2549.55670341347,0.180164646210146,1.26115252347102,1.26115252347102
"87",917783,"E02002352","E02002369",9,0,0,0,0,0,0,9,0,0,0,0,4117.015303109,0.131680615882711,1.1851255429444,1.1851255429444
"88",917785,"E02002352","E02002371",43,0,0,0,3,1,1,33,3,1,1,0,2556.00542250499,0.17993242975348,7.73709447939962,6.73709447939962
"89",917788,"E02002352","E02002376",5,0,0,0,0,0,0,5,0,0,0,0,3612.95619398986,0.145647779211679,0.728238896058395,0.728238896058395
"90",917789,"E02002352","E02002377",34,0,0,0,2,0,0,27,3,0,2,0,3042.37841358782,0.163253921929537,5.55063334560426,5.55063334560426
"91",917790,"E02002352","E02002379",12,0,0,0,1,0,0,10,0,1,0,0,5349.68117220466,0.102909117073783,1.2349094048854,0.234909404885399
"92",917793,"E02002352","E02002382",10,0,0,0,1,0,0,9,0,0,0,0,3643.37624633321,0.144764346729485,1.44764346729485,1.44764346729485
"93",917795,"E02002352","E02002384",60,0,0,0,9,0,0,38,8,4,1,0,3713.26481598089,0.142754948218147,8.56529689308879,4.56529689308879
"94",917800,"E02002352","E02002389",2,0,0,0,0,0,0,2,0,0,0,0,4590.57720356458,0.119781234591635,0.23956246918327,0.23956246918327
"95",917801,"E02002352","E02002390",26,0,0,0,1,0,0,21,1,1,2,0,5725.91319881039,0.0954497408271018,2.48169326150465,1.48169326150465
"96",917804,"E02002352","E02002393",131,0,0,1,7,1,0,101,9,8,4,0,4174.86369281899,0.130165892890714,17.0517319686835,9.05173196868351
"97",917805,"E02002352","E02002394",24,0,0,0,4,1,0,17,1,1,0,0,4537.8608980109,0.121050800345294,2.90521920828705,1.90521920828705
"98",917815,"E02002352","E02002404",17,0,0,0,1,0,0,13,1,2,0,0,5572.87059302886,0.0984164884973364,1.67308030445472,-0.326919695545282
"99",917982,"E02002352","E02006861",37,0,0,0,2,0,1,32,1,0,1,0,3467.35398720344,0.149951465321633,5.54820421690042,5.54820421690042
"100",918118,"E02002353","E02002344",6,0,0,0,2,0,0,0,1,1,2,0,1595.92998454051,0.218022109582166,1.308132657493,0.308132657492998
"101",918121,"E02002353","E02002347",17,0,0,0,0,1,0,10,0,4,2,0,2386.2890706876,0.186144761849922,3.16446095144868,-0.83553904855132
"102",918123,"E02002353","E02002349",41,0,0,0,4,1,0,15,4,0,17,0,1385.00047329851,0.22741632760599,9.32406943184558,9.32406943184558
"103",918126,"E02002353","E02002352",81,0,0,0,3,3,0,37,8,2,28,0,880.361100796051,0.251567226119928,20.3769453157142,18.3769453157142
"104",918127,"E02002353","E02002353",63,0,0,0,0,0,0,26,2,1,34,0,0,0.3,18.9,17.9
"105",918128,"E02002353","E02002354",15,0,0,0,0,0,0,12,1,1,1,0,1992.1155503951,0.201413370240336,3.02120055360504,2.02120055360504
"106",918131,"E02002353","E02002358",17,0,0,0,0,0,0,14,0,2,1,0,3880.58024450528,0.138056969958614,2.34696848929645,0.346968489296446
"107",918134,"E02002353","E02002361",74,0,0,0,4,1,0,32,7,2,28,0,1290.84830638317,0.231739249119737,17.1487044348605,15.1487044348605
"108",918136,"E02002353","E02002363",52,0,0,0,6,2,0,36,4,0,4,0,1732.41574490392,0.212151220720358,11.0318634774586,11.0318634774586
"109",918137,"E02002353","E02002364",16,0,0,0,1,0,0,15,0,0,0,0,3756.91807796205,0.141514029285675,2.2642244685708,2.2642244685708
"110",918138,"E02002353","E02002366",27,0,0,0,1,1,0,16,5,1,3,0,2190.91139727907,0.193562449183456,5.22618612795331,4.22618612795331
"111",918139,"E02002353","E02002367",7,0,0,0,0,0,0,6,1,0,0,0,2984.2492835556,0.165162959186205,1.15614071430343,1.15614071430343
"112",918141,"E02002353","E02002369",7,0,0,0,1,0,0,4,1,0,1,0,3343.5123799495,0.153711888866098,1.07598322206269,1.07598322206269
"113",918142,"E02002353","E02002371",45,0,0,0,6,0,0,37,1,0,1,0,2555.29886098373,0.179957858216373,8.09810361973678,8.09810361973678
"114",918145,"E02002353","E02002376",7,0,0,0,0,0,0,6,1,0,0,0,3053.71262596359,0.162884270134557,1.1401898909419,1.1401898909419
"115",918146,"E02002353","E02002377",26,0,0,0,3,0,0,23,0,0,0,0,2793.95481146054,0.171570028440948,4.46082073946465,4.46082073946465
"116",918147,"E02002353","E02002379",20,0,0,0,0,1,0,14,4,1,0,0,4572.8970421067,0.120205534632295,2.4041106926459,1.4041106926459
"117",918150,"E02002353","E02002382",4,0,0,0,0,0,0,3,1,0,0,0,3299.31500953353,0.155076644096856,0.620306576387422,0.620306576387422
"118",918152,"E02002353","E02002384",54,0,0,0,5,0,0,42,7,0,0,0,3893.01793273781,0.137713974831992,7.43655464092754,7.43655464092754
"119",918157,"E02002353","E02002389",3,0,0,0,0,0,0,3,0,0,0,0,4019.95453188535,0.134261792351886,0.402785377055658,0.402785377055658
"120",918158,"E02002353","E02002390",14,0,0,0,0,0,0,12,2,0,0,0,5025.59028873473,0.109800426884984,1.53720597638977,1.53720597638977
"121",918161,"E02002353","E02002393",108,0,0,0,18,1,0,75,8,6,0,0,4029.10517197907,0.134016300792866,14.4737604856296,8.47376048562958
"122",918162,"E02002353","E02002394",17,0,0,0,0,0,1,12,1,2,0,1,4207.44991827314,0.129320328233243,2.19844557996513,0.198445579965127
"123",918172,"E02002353","E02002404",15,0,0,0,2,0,2,9,0,2,0,0,5371.01341598001,0.102470995874758,1.53706493812138,-0.462935061878623
"124",918313,"E02002353","E02006861",29,0,0,0,1,0,0,24,0,4,0,0,3987.52838282052,0.135135340448816,3.91892487301566,-0.0810751269843353
"125",918443,"E02002354","E02002344",13,0,0,0,0,0,0,9,1,0,3,0,2270.67738465662,0.190499010004195,2.47648713005453,2.47648713005453
"126",918446,"E02002354","E02002347",73,0,0,0,7,1,0,39,5,1,20,0,1162.44942337932,0.23776732988548,17.35701508164,16.35701508164
"127",918448,"E02002354","E02002349",20,0,0,0,1,1,1,16,0,0,1,0,3371.46308349337,0.152855015032792,3.05710030065584,3.05710030065584
"128",918451,"E02002354","E02002352",77,0,0,0,3,1,0,38,4,0,31,0,1157.11868379105,0.23802096020882,18.3276139360791,18.3276139360791
"129",918452,"E02002354","E02002353",22,0,0,0,2,0,0,16,0,0,4,0,1992.1155503951,0.201413370240336,4.43109414528739,4.43109414528739
"130",918453,"E02002354","E02002354",112,0,1,0,2,1,0,49,6,1,52,0,0,0.3,33.6,32.6
"131",918456,"E02002354","E02002358",7,0,0,0,2,0,0,4,1,0,0,0,5841.2421594632,0.0932733139442839,0.652913197609987,0.652913197609987
"132",918459,"E02002354","E02002361",19,0,0,0,2,0,0,11,0,2,4,0,2474.29217175109,0.182897162311899,3.47504608392609,1.47504608392609
"133",918461,"E02002354","E02002363",79,0,0,1,5,2,0,40,4,2,25,0,1472.65745027766,0.223464146893289,17.6536676045698,15.6536676045698
"134",918462,"E02002354","E02002364",19,0,0,0,4,0,0,15,0,0,0,0,5579.55522920265,0.0982850007278899,1.86741501382991,1.86741501382991
"135",918463,"E02002354","E02002366",25,0,0,0,3,2,0,18,0,0,2,0,3798.16696053404,0.140351372593432,3.50878431483579,3.50878431483579
"136",918464,"E02002354","E02002367",14,0,0,0,1,0,0,12,0,0,1,0,1900.65935316032,0.205131370176584,2.87183918247217,2.87183918247217
"137",918466,"E02002354","E02002369",5,0,0,0,0,0,0,3,2,0,0,0,4942.23043112771,0.111646361401924,0.558231807009618,0.558231807009618
"138",918468,"E02002354","E02002371",57,0,0,1,4,0,0,45,3,0,4,0,2528.1858349523,0.180936349222781,10.3133719056985,10.3133719056985
"139",918471,"E02002354","E02002376",11,0,0,0,0,0,0,10,1,0,0,0,4163.58407905169,0.130459868558735,1.43505855414608,1.43505855414608
"140",918472,"E02002354","E02002377",18,0,0,0,3,0,0,14,0,0,0,1,3256.59300724112,0.156407358026212,2.81533244447182,2.81533244447182
"141",918473,"E02002354","E02002379",7,0,0,0,0,0,0,5,1,0,1,0,6154.58895621416,0.087607331154013,0.613251318078091,0.613251318078091
"142",918475,"E02002354","E02002382",13,0,0,0,2,0,0,10,1,0,0,0,3919.39865015139,0.13698928959398,1.78086076472174,1.78086076472174
"143",918477,"E02002354","E02002384",84,0,0,0,7,0,1,65,6,2,3,0,3297.8276836596,0.155122780859597,13.0303135922062,11.0303135922062
"144",918482,"E02002354","E02002389",4,0,0,0,1,0,0,3,0,0,0,0,5108.18346263939,0.108001571951883,0.432006287807532,0.432006287807532
"145",918483,"E02002354","E02002390",10,0,0,0,1,0,0,9,0,0,0,0,6399.24928087681,0.0834237147512862,0.834237147512862,0.834237147512862
"146",918486,"E02002354","E02002393",121,0,0,0,11,0,0,93,11,3,3,0,4156.06995425688,0.130656074299863,15.8093849902834,12.8093849902834
"147",918487,"E02002354","E02002394",23,0,0,0,5,0,1,16,1,0,0,0,4738.36557288951,0.116292591990339,2.67472961577779,2.67472961577779
"148",918497,"E02002354","E02002404",22,0,0,0,4,1,0,15,2,0,0,0,5556.95151283571,0.098730327830123,2.17206721226271,2.17206721226271
"149",918645,"E02002354","E02006861",46,0,0,0,3,0,0,35,7,0,1,0,2605.40535777915,0.178163452801206,8.19551882885549,8.19551882885549
"150",919515,"E02002358","E02002344",5,0,0,0,0,0,0,4,1,0,0,0,4776.7044110814,0.115404297387441,0.577021486937204,0.577021486937204
"151",919518,"E02002358","E02002347",9,0,0,0,0,0,0,8,1,0,0,0,6205.61401990646,0.0867178435591477,0.78046059203233,0.78046059203233
"152",919520,"E02002358","E02002349",12,0,0,0,0,0,0,12,0,0,0,0,2613.51091216413,0.177874864070353,2.13449836884424,2.13449836884424
"153",919523,"E02002358","E02002352",14,0,0,0,5,0,0,8,1,0,0,0,4760.73292280907,0.115773522457338,1.62082931440273,1.62082931440273
"154",919524,"E02002358","E02002353",10,0,0,0,0,0,0,8,1,1,0,0,3880.58024450528,0.138056969958614,1.38056969958614,0.380569699586145
"155",919525,"E02002358","E02002354",11,0,0,0,1,0,0,10,0,0,0,0,5841.2421594632,0.0932733139442839,1.02600645338712,1.02600645338712
"156",919528,"E02002358","E02002358",244,0,0,1,12,2,3,86,10,4,126,0,0,0.3,73.2,69.2
"157",919531,"E02002358","E02002361",20,0,0,0,2,0,0,15,3,0,0,0,3692.45583675617,0.143350303182071,2.86700606364142,2.86700606364142
"158",919533,"E02002358","E02002363",14,0,0,0,1,0,0,11,1,1,0,0,5009.32213861788,0.11015825866091,1.54221562125274,0.542215621252739
"159",919534,"E02002358","E02002364",106,0,0,0,15,1,0,52,4,0,34,0,1122.78070404124,0.239661217857812,25.4040890929281,25.4040890929281
"160",919535,"E02002358","E02002366",19,0,0,0,3,0,0,14,2,0,0,0,2508.17764006316,0.181661841781872,3.45157499385557,3.45157499385557
"161",919536,"E02002358","E02002367",4,0,0,0,0,0,0,4,0,0,0,0,6198.75173409895,0.0868369417944887,0.347347767177955,0.347347767177955
"162",919538,"E02002358","E02002369",13,0,0,0,2,0,0,7,2,0,2,0,2134.1164244061,0.195773658777082,2.54505756410207,2.54505756410207
"163",919540,"E02002358","E02002371",26,0,0,0,5,0,0,18,2,0,1,0,5045.66522679306,0.109360463346386,2.84337204700603,2.84337204700603
"164",919544,"E02002358","E02002376",11,0,0,0,3,0,0,7,1,0,0,0,3442.00104306352,0.150713738500139,1.65785112350153,1.65785112350153
"165",919545,"E02002358","E02002377",17,0,0,0,3,0,0,13,1,0,0,0,4517.62293538252,0.12154175758715,2.06620987898155,2.06620987898155
"166",919546,"E02002358","E02002379",25,0,0,0,3,0,1,16,1,1,3,0,2419.78658213092,0.184901852677131,4.62254631692829,3.62254631692829
"167",919549,"E02002358","E02002382",11,0,0,0,1,0,0,9,1,0,0,0,4407.52703947027,0.124247689193326,1.36672458112658,1.36672458112658
"168",919551,"E02002358","E02002384",48,0,0,0,3,0,0,42,3,0,0,0,6351.89132484582,0.0842176239307214,4.04244594867463,4.04244594867463
"169",919556,"E02002358","E02002389",6,0,0,0,1,0,0,5,0,0,0,0,3686.83141352882,0.143511646466323,0.861069878797935,0.861069878797935
"170",919557,"E02002358","E02002390",73,0,0,1,22,2,0,40,3,1,4,0,3340.35450914999,0.153808999986385,11.2280569990061,10.2280569990061
"171",919560,"E02002358","E02002393",117,0,0,0,27,1,0,74,15,0,0,0,5494.60906177867,0.099969052420989,11.6963791332557,11.6963791332557
"172",919561,"E02002358","E02002394",44,0,0,0,10,0,1,29,3,0,1,0,4919.13063523798,0.11216335636221,4.93518767993725,4.93518767993725
"173",919571,"E02002358","E02002404",38,0,0,0,3,1,0,27,3,2,2,0,6211.29994657674,0.0866192853493479,3.29153284327522,1.29153284327522
"174",919714,"E02002358","E02006861",17,0,0,0,1,0,0,13,3,0,0,0,7212.59112408203,0.070899561577147,1.2052925468115,1.2052925468115
"175",920557,"E02002361","E02002344",3,0,0,0,1,0,0,2,0,0,0,0,2881.59168959273,0.168589056726406,0.505767170179219,0.505767170179219
"176",920560,"E02002361","E02002347",15,0,0,0,1,0,0,13,1,0,0,0,3293.74762540899,0.155249414516221,2.32874121774331,2.32874121774331
"177",920562,"E02002361","E02002349",32,0,0,0,3,0,0,18,3,2,6,0,1914.65337687773,0.204558050204275,6.5458576065368,4.5458576065368
"178",920565,"E02002361","E02002352",44,0,0,1,2,1,0,27,3,1,9,0,1787.30251162213,0.209835097517749,9.23274429078093,8.23274429078093
"179",920566,"E02002361","E02002353",32,0,0,0,0,0,0,18,0,0,14,0,1290.84830638317,0.231739249119737,7.41565597183158,7.41565597183158
"180",920567,"E02002361","E02002354",18,0,0,0,2,0,0,13,3,0,0,0,2474.29217175109,0.182897162311899,3.29214892161419,3.29214892161419
"181",920570,"E02002361","E02002358",13,0,0,0,1,0,0,10,1,1,0,0,3692.45583675617,0.143350303182071,1.86355394136693,0.863553941366926
"182",920573,"E02002361","E02002361",109,0,0,0,4,2,0,39,3,2,59,0,0,0.3,32.7,30.7
"183",920575,"E02002361","E02002363",38,0,0,1,4,1,0,24,4,0,4,0,1327.94068701971,0.230026458037367,8.74100540541996,8.74100540541996
"184",920576,"E02002361","E02002364",15,0,0,0,4,0,0,10,0,1,0,0,3201.33406079353,0.158145526434027,2.3721828965104,1.3721828965104
"185",920577,"E02002361","E02002366",29,0,0,0,6,0,0,11,1,1,10,0,1353.11565597295,0.228871187081131,6.6372644253528,5.6372644253528
"186",920578,"E02002361","E02002367",10,0,0,0,1,0,0,8,0,0,1,0,2516.17720954522,0.181371430854944,1.81371430854944,1.81371430854944
"187",920580,"E02002361","E02002369",5,0,0,0,0,0,0,4,0,1,0,0,2471.74499238206,0.182990360424814,0.91495180212407,-0.0850481978759297
"188",920582,"E02002361","E02002371",44,0,0,0,2,2,0,28,3,3,6,0,1561.57650877853,0.219525230864562,9.65911015804071,6.65911015804071
"189",920586,"E02002361","E02002376",7,0,0,0,1,0,0,4,1,0,1,0,1827.76250681754,0.208143963665031,1.45700774565522,1.45700774565522
"190",920587,"E02002361","E02002377",34,0,0,0,0,1,2,19,3,0,9,0,1550.25752112065,0.220022754474196,7.48077365212266,7.48077365212266
"191",920588,"E02002361","E02002379",9,0,0,0,0,0,0,8,1,0,0,0,3680.30126326724,0.143699199437714,1.29329279493943,1.29329279493943
"192",920591,"E02002361","E02002382",7,0,0,0,1,0,0,5,1,0,0,0,2011.8192097681,0.200621216011107,1.40434851207775,1.40434851207775
"193",920593,"E02002361","E02002384",53,0,0,1,10,1,0,30,4,4,3,0,2975.73506900422,0.165444445355641,8.76855560384896,4.76855560384896
"194",920597,"E02002361","E02002389",5,0,0,0,0,0,0,5,0,0,0,0,2805.66060005317,0.171168825767214,0.85584412883607,0.85584412883607
"195",920598,"E02002361","E02002390",17,0,0,0,1,1,0,13,1,1,0,0,3966.48359857937,0.135705317929302,2.30699040479813,1.30699040479813
"196",920601,"E02002361","E02002393",94,0,0,0,17,1,0,55,10,0,10,1,2810.4378053241,0.171005362146241,16.0745040417467,16.0745040417467
"197",920602,"E02002361","E02002394",17,0,0,0,2,0,0,14,1,0,0,0,2918.77159813558,0.167340081019627,2.84478137733366,2.84478137733366
"198",920612,"E02002361","E02002404",20,0,0,0,2,1,0,15,1,1,0,0,4109.21831479261,0.131886118515937,2.63772237031874,1.63772237031874
"199",920737,"E02002361","E02006861",26,0,0,1,3,0,0,20,0,1,1,0,3543.10012958757,0.147696936615809,3.84012035201102,2.84012035201102
"200",921204,"E02002363","E02002344",10,0,0,0,1,0,0,7,0,0,2,0,2933.73663680461,0.166839979639938,1.66839979639938,1.66839979639938
"201",921207,"E02002363","E02002347",14,0,0,0,2,1,0,8,2,1,0,0,2559.73586311082,0.179798234372043,2.5171752812086,1.5171752812086
"202",921209,"E02002363","E02002349",23,0,0,0,4,1,0,13,3,1,1,0,2939.22148515556,0.166657061588618,3.83311241653821,2.83311241653821
"203",921212,"E02002363","E02002352",29,0,0,0,5,1,0,13,2,2,6,0,1497.95044232535,0.222336585858921,6.44776098990872,4.44776098990872
"204",921213,"E02002363","E02002353",20,0,0,0,4,0,0,12,2,0,2,0,1732.41574490392,0.212151220720358,4.24302441440715,4.24302441440715
"205",921214,"E02002363","E02002354",20,0,0,0,0,0,0,12,4,0,4,0,1472.65745027766,0.223464146893289,4.46928293786577,4.46928293786577
"206",921217,"E02002363","E02002358",10,0,0,0,0,0,0,6,2,1,1,0,5009.32213861788,0.11015825866091,1.1015825866091,0.101582586609099
"207",921220,"E02002363","E02002361",30,0,0,0,0,1,1,18,3,1,6,0,1327.94068701971,0.230026458037367,6.90079374112102,5.90079374112102
"208",921222,"E02002363","E02002363",183,0,0,2,13,3,0,58,1,5,101,0,0,0.3,54.9,49.9
"209",921223,"E02002363","E02002364",14,0,0,0,1,1,0,12,0,0,0,0,4519.53833229838,0.121495206362601,1.70093288907641,1.70093288907641
"210",921224,"E02002363","E02002366",29,0,0,0,4,1,0,16,2,1,5,0,2658.97105252862,0.176264950592304,5.11168356717681,4.11168356717681
"211",921225,"E02002363","E02002367",11,0,0,0,2,0,0,5,1,1,2,0,1283.04649603613,0.232101128512072,2.55311241363279,1.55311241363279
"212",921227,"E02002363","E02002369",11,0,0,0,1,0,0,10,0,0,0,0,3717.53889508952,0.142632971171162,1.56896268288279,1.56896268288279
"213",921228,"E02002363","E02002371",72,0,0,0,7,1,0,35,2,2,25,0,1107.37458603318,0.240400806492511,17.3088580674608,15.3088580674608
"214",921232,"E02002363","E02002376",11,0,0,0,1,0,0,10,0,0,0,0,2757.03486983252,0.17284158834225,1.90125747176475,1.90125747176475
"215",921233,"E02002363","E02002377",13,0,0,0,1,0,1,6,0,2,3,0,1784.24459445398,0.209963468437947,2.72952508969331,0.729525089693315
"216",921234,"E02002363","E02002379",13,0,0,0,2,0,0,9,2,0,0,0,4878.46889074152,0.11307922695186,1.47002995037418,1.47002995037418
"217",921237,"E02002363","E02002382",8,0,0,0,0,0,0,7,1,0,0,0,2446.80719300937,0.183905315604083,1.47124252483266,1.47124252483266
"218",921239,"E02002363","E02002384",92,0,0,1,13,1,1,51,2,2,21,0,2227.18010476123,0.192163477238199,17.6790399059143,15.6790399059143
"219",921244,"E02002363","E02002389",2,0,0,0,0,0,0,2,0,0,0,0,3671.83336454579,0.143942771687449,0.287885543374897,0.287885543374897
"220",921245,"E02002363","E02002390",13,0,0,0,3,0,0,10,0,0,0,0,5020.89330242129,0.109903621568254,1.4287470803873,1.4287470803873
"221",921248,"E02002363","E02002393",156,0,0,0,19,5,3,89,13,12,15,0,2757.1090539839,0.172839023939963,26.9628877346342,14.9628877346342
"222",921249,"E02002363","E02002394",28,0,0,0,4,0,0,19,1,2,2,0,3273.21107299173,0.155888383387501,4.36487473485003,2.36487473485003
"223",921259,"E02002363","E02002404",22,0,0,0,1,1,0,16,1,1,2,0,4166.80045560462,0.130375973932832,2.86827142652231,1.86827142652231
"224",921426,"E02002363","E02006861",44,0,0,0,3,3,0,26,2,7,3,0,2314.23437831865,0.188846704564905,8.30925500085582,1.30925500085582
"225",921512,"E02002364","E02002344",2,0,0,0,0,0,0,2,0,0,0,0,4963.49283477577,0.111172595455758,0.222345190911515,0.222345190911515
"226",921515,"E02002364","E02002347",6,0,0,0,1,0,0,5,0,0,0,0,6143.18827807878,0.0878073156602254,0.526843893961352,0.526843893961352
"227",921517,"E02002364","E02002349",8,0,0,0,0,0,0,7,1,0,0,0,2760.81299457766,0.172711034257043,1.38168827405634,1.38168827405634
"228",921520,"E02002364","E02002352",17,0,0,0,5,0,0,10,0,1,1,0,4611.51699913709,0.11928064463527,2.02777095879959,1.02777095879959
"229",921521,"E02002364","E02002353",10,0,0,0,1,1,0,5,2,0,1,0,3756.91807796205,0.141514029285675,1.41514029285675,1.41514029285675
"230",921522,"E02002364","E02002354",6,0,0,0,1,0,0,3,1,0,1,0,5579.55522920265,0.0982850007278899,0.589710004367339,0.589710004367339
"231",921525,"E02002364","E02002358",95,0,0,0,3,3,1,44,7,1,36,0,1122.78070404124,0.239661217857812,22.7678156964922,21.7678156964922
"232",921528,"E02002364","E02002361",19,0,0,0,2,4,0,8,2,0,2,1,3201.33406079353,0.158145526434027,3.00476500224651,3.00476500224651
"233",921530,"E02002364","E02002363",11,0,0,0,5,0,0,5,1,0,0,0,4519.53833229838,0.121495206362601,1.33644726998861,1.33644726998861
"234",921531,"E02002364","E02002364",206,0,0,0,15,1,0,61,9,4,116,0,0,0.3,61.8,57.8
"235",921532,"E02002364","E02002366",29,0,1,0,7,0,2,9,1,2,6,1,1863.05758335923,0.206679845933628,5.99371553207522,3.99371553207522
"236",921533,"E02002364","E02002367",6,0,0,0,2,0,0,4,0,0,0,0,5599.71850157805,0.0978894493768819,0.587336696261291,0.587336696261291
"237",921535,"E02002364","E02002369",32,0,0,0,1,1,0,17,2,0,11,0,1098.80699479385,0.240813090788693,7.70601890523817,7.70601890523817
"238",921537,"E02002364","E02002371",27,0,0,0,3,0,0,15,2,0,7,0,4334.31818789295,0.126080278759159,3.40416752649729,3.40416752649729
"239",921541,"E02002364","E02002376",11,0,0,0,4,0,0,4,2,0,1,0,2488.13091831103,0.182391648706917,2.00630813577608,2.00630813577608
"240",921542,"E02002364","E02002377",6,0,0,0,0,0,0,5,0,1,0,0,3689.65371397093,0.143430662727863,0.860583976367178,-0.139416023632822
"241",921543,"E02002364","E02002379",43,0,0,1,4,4,0,14,2,0,18,0,1363.402597909,0.228400794214998,9.82123415124493,9.82123415124493
"242",921545,"E02002364","E02002382",13,0,0,0,7,0,0,3,1,1,1,0,3468.06522971868,0.149930136467196,1.94909177407354,0.949091774073543
"243",921547,"E02002364","E02002384",39,0,0,0,7,0,1,24,3,0,4,0,5540.0767373353,0.0990641011717713,3.86349994569908,3.86349994569908
"244",921552,"E02002364","E02002389",8,0,0,0,0,0,0,6,0,0,2,0,2594.75656271219,0.17854330237111,1.42834641896888,1.42834641896888
"245",921553,"E02002364","E02002390",62,0,0,0,19,2,1,20,7,1,12,0,2257.52915476394,0.191000614191433,11.8420380798688,10.8420380798688
"246",921556,"E02002364","E02002393",118,0,0,0,57,0,0,45,12,1,2,1,4536.43454619956,0.121085337476937,14.2880698222785,13.2880698222785
"247",921557,"E02002364","E02002394",25,0,0,0,8,1,0,12,3,0,1,0,3880.68506763795,0.138054075676138,3.45135189190344,3.45135189190344
"248",921567,"E02002364","E02002404",20,0,0,0,5,0,0,9,4,2,0,0,5143.24927185928,0.107246789248636,2.14493578497271,0.144935784972715
"249",921673,"E02002364","E02006861",13,0,0,0,0,0,0,9,3,0,1,0,6571.7442590661,0.0805947590208336,1.04773186727084,1.04773186727084
"250",921789,"E02002366","E02002344",11,0,0,0,0,0,0,9,1,0,1,0,3676.75543769184,0.143801142039816,1.58181256243798,1.58181256243798
"251",921792,"E02002366","E02002347",11,0,0,0,3,0,0,6,0,0,2,0,4503.91303422754,0.121875480004741,1.34063028005215,1.34063028005215
"252",921794,"E02002366","E02002349",33,0,0,0,3,0,0,15,2,0,13,0,1831.59146033276,0.20798462996868,6.86349278896645,6.86349278896645
"253",921797,"E02002366","E02002352",24,0,0,0,5,0,0,13,4,2,0,0,2950.99318478311,0.166265155735475,3.9903637376514,1.9903637376514
"254",921798,"E02002366","E02002353",18,0,0,0,2,0,0,12,1,0,3,0,2190.91139727907,0.193562449183456,3.48412408530221,3.48412408530221
"255",921799,"E02002366","E02002354",10,0,0,0,1,0,0,8,1,0,0,0,3798.16696053404,0.140351372593432,1.40351372593432,1.40351372593432
"256",921802,"E02002366","E02002358",20,0,0,0,1,0,0,17,2,0,0,0,2508.17764006316,0.181661841781872,3.63323683563744,3.63323683563744
"257",921805,"E02002366","E02002361",62,0,0,0,6,1,0,25,2,0,27,1,1353.11565597295,0.228871187081131,14.1900135990301,14.1900135990301
"258",921807,"E02002366","E02002363",32,0,0,0,3,1,0,23,4,0,1,0,2658.97105252862,0.176264950592304,5.64047841895372,5.64047841895372
"259",921808,"E02002366","E02002364",34,0,0,0,4,0,0,26,3,0,1,0,1863.05758335923,0.206679845933628,7.02711476174336,7.02711476174336
"260",921809,"E02002366","E02002366",89,0,0,1,6,2,0,35,6,0,37,2,0,0.3,26.7,26.7
"261",921810,"E02002366","E02002367",4,0,0,0,2,0,0,1,1,0,0,0,3750.05815913984,0.141708317485947,0.566833269943788,0.566833269943788
"262",921812,"E02002366","E02002369",24,0,0,0,1,0,0,15,0,0,8,0,1166.09838373937,0.237593872474767,5.70225293939441,5.70225293939441
"263",921814,"E02002366","E02002371",53,0,0,0,4,0,0,34,6,0,8,1,2540.48725690012,0.180491741502268,9.56606229962022,9.56606229962022
"264",921818,"E02002366","E02002376",15,0,0,0,1,0,0,7,2,1,3,1,1277.87165367007,0.232341470214267,3.48512205321401,2.48512205321401
"265",921819,"E02002366","E02002377",68,0,0,0,5,0,0,42,5,1,15,0,2041.58093865313,0.199430596169044,13.561280539495,12.561280539495
"266",921820,"E02002366","E02002379",17,0,0,0,0,0,0,14,2,0,1,0,2398.69862293609,0.185683340060969,3.15661678103647,3.15661678103647
"267",921823,"E02002366","E02002382",23,0,0,0,1,1,0,11,0,0,10,0,2079.00935275263,0.197943295656609,4.55269580010201,4.55269580010201
"268",921825,"E02002366","E02002384",52,0,0,0,6,1,0,29,4,3,8,1,3851.43038410431,0.138864188984791,7.22093782720914,4.22093782720914
"269",921830,"E02002366","E02002389",2,0,0,0,0,0,0,2,0,0,0,0,2063.7330449498,0.198548989003641,0.397097978007282,0.397097978007282
"270",921831,"E02002366","E02002390",33,0,0,0,4,0,0,23,2,2,1,1,2846.92069508876,0.169762149306392,5.60215092711094,3.60215092711094
"271",921834,"E02002366","E02002393",138,0,0,0,23,2,1,76,16,4,13,3,3146.83820800664,0.159878608924026,22.0632480315157,18.0632480315157
"272",921835,"E02002366","E02002394",29,0,0,0,2,1,1,20,3,0,2,0,2814.4778662088,0.170867243539578,4.95515006264776,4.95515006264776
"273",921845,"E02002366","E02002404",35,0,0,0,4,1,0,25,5,0,0,0,4144.75946747496,0.130951965601423,4.58331879604979,4.58331879604979
"274",921981,"E02002366","E02006861",23,0,0,0,6,0,0,15,1,0,1,0,4740.53215919227,0.11624221131915,2.67357086034046,2.67357086034046
"275",922089,"E02002367","E02002344",6,0,0,0,0,0,0,4,1,0,1,0,3962.4798730804,0.135814026815895,0.814884160895371,0.814884160895371
"276",922092,"E02002367","E02002347",15,0,0,0,3,0,0,8,4,0,0,0,3039.36362501888,0.163352386823171,2.45028580234756,2.45028580234756
"277",922094,"E02002367","E02002349",14,0,0,0,9,0,0,5,0,0,0,0,4222.2136618113,0.128939041000901,1.80514657401261,1.80514657401261
"278",922097,"E02002367","E02002352",24,0,0,0,11,2,0,4,0,1,6,0,2549.55670341347,0.180164646210146,4.32395150904351,3.32395150904351
"279",922098,"E02002367","E02002353",8,0,0,0,2,0,0,5,1,0,0,0,2984.2492835556,0.165162959186205,1.32130367348964,1.32130367348964
"280",922099,"E02002367","E02002354",46,0,0,0,7,1,0,16,2,0,19,1,1900.65935316032,0.205131370176584,9.43604302812286,9.43604302812286
"281",922102,"E02002367","E02002358",8,0,0,0,0,0,0,6,2,0,0,0,6198.75173409895,0.0868369417944887,0.69469553435591,0.69469553435591
"282",922105,"E02002367","E02002361",5,0,0,0,2,0,0,2,0,0,1,0,2516.17720954522,0.181371430854944,0.906857154274721,0.906857154274721
"283",922107,"E02002367","E02002363",84,0,0,0,4,4,0,23,4,2,47,0,1283.04649603613,0.232101128512072,19.496494795014,17.496494795014
"284",922108,"E02002367","E02002364",8,0,0,0,3,0,0,4,0,1,0,0,5599.71850157805,0.0978894493768819,0.783115595015055,-0.216884404984945
"285",922109,"E02002367","E02002366",13,0,0,0,3,2,0,3,3,0,2,0,3750.05815913984,0.141708317485947,1.84220812731731,1.84220812731731
"286",922110,"E02002367","E02002367",41,0,0,1,5,1,0,14,2,1,17,0,0,0.3,12.3,11.3
"287",922112,"E02002367","E02002369",8,0,0,0,2,0,0,6,0,0,0,0,4683.14075527047,0.117584158951992,0.940673271615936,0.940673271615936
"288",922114,"E02002367","E02002371",66,0,0,0,8,0,0,33,4,1,20,0,1375.60487845708,0.227844071706051,15.0377087325994,14.0377087325994
"289",922118,"E02002367","E02002377",9,0,0,0,0,0,0,6,0,2,1,0,2224.49176171278,0.19226682528885,1.73040142759965,-0.26959857240035
"290",922119,"E02002367","E02002379",4,0,0,0,2,0,0,1,0,0,1,0,5743.99918238062,0.0951051040235542,0.380420416094217,0.380420416094217
"291",922122,"E02002367","E02002382",9,0,0,0,2,0,0,6,0,0,1,0,2836.28175287019,0.170123751816258,1.53111376634632,1.53111376634632
"292",922124,"E02002367","E02002384",48,0,0,0,7,3,0,22,5,0,10,1,1448.0596599927,0.224566200322839,10.7791776154963,10.7791776154963
"293",922129,"E02002367","E02002389",6,0,0,0,1,3,0,2,0,0,0,0,4250.08146636803,0.128222390405109,0.769334342430654,0.769334342430654
"294",922130,"E02002367","E02002390",8,0,0,0,1,1,0,5,0,0,1,0,5709.43296936101,0.0957648666022609,0.766118932818087,0.766118932818087
"295",922133,"E02002367","E02002393",88,0,0,0,17,1,0,44,5,4,16,1,2625.7711745161,0.177439239875448,15.6146531090394,11.6146531090394
"296",922134,"E02002367","E02002394",19,0,0,0,7,0,0,8,1,0,3,0,3433.58862059855,0.150967525464495,2.86838298382541,2.86838298382541
"297",922144,"E02002367","E02002404",25,0,0,0,3,0,0,18,2,1,0,1,3933.71108871044,0.136597720134622,3.41494300336555,2.41494300336555
"298",922252,"E02002367","E02006861",47,0,0,0,7,2,0,17,6,0,15,0,1035.47589666465,0.243882681300637,11.46248602113,11.46248602113
"299",922732,"E02002369","E02002344",4,0,0,0,2,0,0,2,0,0,0,0,4774.53665932891,0.115454341808626,0.461817367234505,0.461817367234505
"300",922735,"E02002369","E02002347",10,0,0,0,4,0,0,5,0,1,0,0,5670.01059412903,0.0965229067506687,0.965229067506687,-0.0347709324933125
"301",922737,"E02002369","E02002349",11,0,0,0,3,0,0,3,2,0,3,0,2733.41137021254,0.173660145176555,1.9102615969421,1.9102615969421
"302",922740,"E02002369","E02002352",9,0,0,0,3,0,0,2,0,2,1,1,4117.015303109,0.131680615882711,1.1851255429444,-0.8148744570556
"303",922741,"E02002369","E02002353",8,0,0,0,0,0,0,3,3,1,1,0,3343.5123799495,0.153711888866098,1.22969511092878,0.229695110928784
"304",922742,"E02002369","E02002354",7,0,0,0,0,0,0,7,0,0,0,0,4942.23043112771,0.111646361401924,0.781524529813466,0.781524529813466
"305",922745,"E02002369","E02002358",49,0,0,0,3,1,0,29,4,2,10,0,2134.1164244061,0.195773658777082,9.59290928007704,7.59290928007704
"306",922748,"E02002369","E02002361",34,0,0,0,2,1,0,16,6,2,7,0,2471.74499238206,0.182990360424814,6.22167225444368,4.22167225444368
"307",922750,"E02002369","E02002363",15,0,0,0,5,0,0,10,0,0,0,0,3717.53889508952,0.142632971171162,2.13949456756744,2.13949456756744
"308",922751,"E02002369","E02002364",110,0,0,0,15,2,0,36,9,1,47,0,1098.80699479385,0.240813090788693,26.4894399867562,25.4894399867562
"309",922752,"E02002369","E02002366",46,0,0,0,7,0,0,14,5,1,19,0,1166.09838373937,0.237593872474767,10.9293181338393,9.92931813383928
"310",922753,"E02002369","E02002367",10,0,0,0,3,0,0,6,1,0,0,0,4683.14075527047,0.117584158951992,1.17584158951992,1.17584158951992
"311",922755,"E02002369","E02002369",67,0,0,0,8,0,1,25,2,2,28,1,0,0.3,20.1,18.1
"312",922757,"E02002369","E02002371",39,0,0,0,7,2,0,15,8,2,5,0,3359.89579964864,0.15320904786391,5.97515286669251,3.97515286669251
"313",922760,"E02002369","E02002376",18,0,0,0,1,0,0,5,3,0,9,0,1399.53287568129,0.226756306124163,4.08161351023493,4.08161351023493
"314",922761,"E02002369","E02002377",23,0,0,0,6,0,0,9,2,1,5,0,2649.46254935286,0.176600472690977,4.06181087189248,3.06181087189248
"315",922762,"E02002369","E02002379",45,0,0,0,3,3,0,10,2,0,27,0,1232.94839943241,0.234438383110756,10.549727239984,10.549727239984
"316",922764,"E02002369","E02002382",19,0,0,0,9,0,0,7,2,0,1,0,2377.25051346829,0.186481562193334,3.54314968167334,3.54314968167334
"317",922766,"E02002369","E02002384",40,0,0,0,9,0,0,29,1,0,1,0,4489.62208877116,0.122224321462127,4.8889728584851,4.8889728584851
"318",922771,"E02002369","E02002389",12,0,0,0,1,0,0,8,0,0,3,0,1569.85971562074,0.219161857358591,2.62994228830309,2.62994228830309
"319",922772,"E02002369","E02002390",66,0,0,0,5,4,0,29,7,3,18,0,1783.66061583363,0.209987992705409,13.859207518557,10.859207518557
"320",922775,"E02002369","E02002393",146,0,0,1,48,2,1,67,17,1,7,2,3439.205451613,0.150798028869852,22.0165122149984,21.0165122149984
"321",922776,"E02002369","E02002394",45,0,0,0,14,0,0,24,5,0,2,0,2793.11827652121,0.171598735707011,7.72194310681549,7.72194310681549
"322",922786,"E02002369","E02002404",27,0,0,0,5,0,0,17,3,1,1,0,4077.2397457284,0.132732327556753,3.58377284403233,2.58377284403233
"323",922906,"E02002369","E02006861",15,0,0,0,3,0,0,10,1,0,1,0,5613.47797642372,0.0976204382086175,1.46430657312926,1.46430657312926
"324",923313,"E02002371","E02002344",6,0,0,0,3,0,0,2,0,0,1,0,3957.76076463978,0.135942271550516,0.815653629303099,0.815653629303099
"325",923316,"E02002371","E02002347",11,0,0,0,4,0,0,5,0,0,2,0,3652.68750288567,0.144495009999252,1.58944510999178,1.58944510999178
"326",923318,"E02002371","E02002349",14,0,0,0,5,2,0,5,0,1,1,0,3470.33583833569,0.14986206539268,2.09806891549752,1.09806891549752
"327",923321,"E02002371","E02002352",28,0,0,1,14,2,0,9,1,0,0,1,2556.00542250499,0.17993242975348,5.03810803309743,5.03810803309743
"328",923322,"E02002371","E02002353",11,0,0,0,4,0,0,6,1,0,0,0,2555.29886098373,0.179957858216373,1.9795364403801,1.9795364403801
"329",923323,"E02002371","E02002354",25,0,0,0,6,2,0,10,0,0,7,0,2528.1858349523,0.180936349222781,4.52340873056953,4.52340873056953
"330",923326,"E02002371","E02002358",18,0,0,0,4,0,0,10,0,0,4,0,5045.66522679306,0.109360463346386,1.96848834023494,1.96848834023494
"331",923329,"E02002371","E02002361",20,0,0,0,5,0,0,8,2,1,4,0,1561.57650877853,0.219525230864562,4.39050461729123,3.39050461729123
"332",923331,"E02002371","E02002363",110,0,0,1,18,1,0,37,4,2,47,0,1107.37458603318,0.240400806492511,26.4440887141762,24.4440887141762
"333",923332,"E02002371","E02002364",23,0,0,0,10,0,0,11,2,0,0,0,4334.31818789295,0.126080278759159,2.89984641146066,2.89984641146066
"334",923333,"E02002371","E02002366",29,0,0,0,4,4,0,12,2,1,6,0,2540.48725690012,0.180491741502268,5.23426050356578,4.23426050356578
"335",923334,"E02002371","E02002367",27,0,0,0,1,1,0,7,2,0,16,0,1375.60487845708,0.227844071706051,6.15178993606338,6.15178993606338
"336",923336,"E02002371","E02002369",10,0,0,0,1,1,0,7,1,0,0,0,3359.89579964864,0.15320904786391,1.5320904786391,1.5320904786391
"337",923338,"E02002371","E02002371",220,0,0,1,28,0,0,67,5,1,116,2,0,0.3,66,65
"338",923342,"E02002371","E02002376",12,0,0,1,1,0,0,7,0,1,2,0,2115.70673329643,0.196495813943702,2.35794976732442,1.35794976732442
"339",923343,"E02002371","E02002377",58,0,0,0,3,2,0,25,2,2,24,0,858.634123038262,0.25266276377358,14.6544402988677,12.6544402988677
"340",923344,"E02002371","E02002379",4,0,0,0,1,0,0,2,0,0,1,0,4379.73387912092,0.124940259471488,0.49976103788595,0.49976103788595
"341",923346,"E02002371","E02002382",33,0,0,0,4,1,0,10,1,6,11,0,1503.36240056824,0.22209606078986,7.32917000606537,1.32917000606537
"342",923348,"E02002371","E02002384",86,0,0,0,11,4,1,41,1,3,25,0,1414.16678423151,0.226093610171016,19.4440504747074,16.4440504747074
"343",923353,"E02002371","E02002389",4,0,0,0,0,1,0,2,0,0,1,0,2885.98600159214,0.168440955233368,0.673763820933471,0.673763820933471
"344",923354,"E02002371","E02002390",39,0,0,0,12,2,1,23,0,1,0,0,4336.06961042756,0.126036122524955,4.91540877847325,3.91540877847325
"345",923357,"E02002371","E02002393",165,0,0,0,18,8,0,69,11,10,49,0,1649.893559271,0.215681711444426,35.5874823883303,25.5874823883303
"346",923358,"E02002371","E02002394",25,0,0,0,11,0,0,4,1,1,8,0,2231.95689064335,0.19197998014776,4.799499503694,3.799499503694
"347",923368,"E02002371","E02002404",30,0,0,0,7,1,0,16,3,2,1,0,3059.60223601926,0.162692518124126,4.88077554372378,2.88077554372378
"348",923514,"E02002371","E02006861",27,0,0,0,2,0,0,18,1,1,5,0,2253.73815084485,0.191145485920812,5.16092811986193,4.16092811986193
"349",924767,"E02002376","E02002344",2,0,0,0,0,0,0,2,0,0,0,0,4641.69702548504,0.118562834567718,0.237125669135436,0.237125669135436
"350",924769,"E02002376","E02002347",3,0,0,0,0,0,1,2,0,0,0,0,5091.80443944956,0.10835594411228,0.325067832336839,0.325067832336839
"351",924771,"E02002376","E02002349",13,0,0,0,3,2,0,4,0,0,4,0,3064.20686075214,0.162542759494377,2.11305587342691,2.11305587342691
"352",924774,"E02002376","E02002352",31,0,0,0,3,2,0,22,1,2,0,1,3612.95619398986,0.145647779211679,4.51508115556205,2.51508115556205
"353",924775,"E02002376","E02002353",5,0,0,0,1,3,0,1,0,0,0,0,3053.71262596359,0.162884270134557,0.814421350672784,0.814421350672784
"354",924776,"E02002376","E02002354",2,0,0,0,1,0,0,1,0,0,0,0,4163.58407905169,0.130459868558735,0.26091973711747,0.26091973711747
"355",924779,"E02002376","E02002358",15,0,0,0,1,0,0,9,5,0,0,0,3442.00104306352,0.150713738500139,2.26070607750208,2.26070607750208
"356",924782,"E02002376","E02002361",34,0,0,0,9,3,0,11,4,0,7,0,1827.76250681754,0.208143963665031,7.07689476461107,7.07689476461107
"357",924784,"E02002376","E02002363",14,0,0,0,1,0,0,13,0,0,0,0,2757.03486983252,0.17284158834225,2.4197822367915,2.4197822367915
"358",924785,"E02002376","E02002364",23,0,0,0,6,1,0,11,4,0,1,0,2488.13091831103,0.182391648706917,4.19500792025909,4.19500792025909
"359",924786,"E02002376","E02002366",54,0,0,0,9,4,0,13,5,0,23,0,1277.87165367007,0.232341470214267,12.5464393915704,12.5464393915704
"360",924787,"E02002376","E02002367",4,0,0,0,0,0,0,1,0,0,3,0,3488.14452571236,0.149329245503801,0.597316982015204,0.597316982015204
"361",924789,"E02002376","E02002369",30,0,0,0,5,1,0,13,2,0,9,0,1399.53287568129,0.226756306124163,6.80268918372489,6.80268918372489
"362",924791,"E02002376","E02002371",33,0,0,0,8,1,0,12,3,1,8,0,2115.70673329643,0.196495813943702,6.48436186014216,5.48436186014216
"363",924794,"E02002376","E02002376",58,0,0,0,2,0,0,17,5,0,34,0,0,0.3,17.4,17.4
"364",924795,"E02002376","E02002377",45,0,0,0,5,2,0,21,3,0,14,0,1311.87564749827,0.230766723467737,10.3845025560482,10.3845025560482
"365",924796,"E02002376","E02002379",11,0,0,0,1,0,0,4,2,0,4,0,2271.3979378379,0.190471559048692,2.09518714953561,2.09518714953561
"366",924799,"E02002376","E02002382",69,0,0,0,6,0,0,22,4,2,34,1,979.95714217032,0.246605784192136,17.0157991092574,15.0157991092574
"367",924801,"E02002376","E02002384",38,0,0,0,4,0,0,22,8,0,4,0,3112.71457842538,0.160973468418195,6.11699179989141,6.11699179989141
"368",924806,"E02002376","E02002389",11,0,0,0,3,0,0,2,0,1,5,0,977.910865024461,0.246706729603002,2.71377402563302,1.71377402563302
"369",924807,"E02002376","E02002390",23,0,0,0,3,3,0,8,2,0,7,0,2267.93129272086,0.190603664299624,4.38388427889136,4.38388427889136
"370",924810,"E02002376","E02002393",167,0,0,0,54,2,0,60,14,3,34,0,2056.75005644496,0.198826475788813,33.2040214567318,30.2040214567318
"371",924811,"E02002376","E02002394",52,0,0,0,7,0,0,22,3,1,18,1,1555.33447013762,0.219799458997949,11.4295718678933,10.4295718678933
"372",924821,"E02002376","E02002404",45,0,0,0,9,3,2,16,8,3,4,0,2888.92699442467,0.168341907637641,7.57538584369385,4.57538584369385
"373",924926,"E02002376","E02006861",20,0,0,0,6,0,0,10,2,0,2,0,4341.67059248102,0.12589501636095,2.51790032721899,2.51790032721899
"374",925028,"E02002377","E02002344",1,0,0,0,0,0,0,0,0,0,1,0,4337.78414108687,0.125992911374813,0.125992911374813,0.125992911374813
"375",925030,"E02002377","E02002347",6,0,0,0,2,0,0,3,0,0,1,0,4326.04142179558,0.1262891589921,0.757734953952602,0.757734953952602
"376",925032,"E02002377","E02002349",14,0,0,0,3,0,0,4,0,1,6,0,3381.59452006495,0.152545600442198,2.13563840619078,1.13563840619078
"377",925035,"E02002377","E02002352",25,0,0,1,7,2,0,11,2,2,0,0,3042.37841358782,0.163253921929537,4.08134804823842,2.08134804823842
"378",925036,"E02002377","E02002353",3,0,0,0,2,0,0,1,0,0,0,0,2793.95481146054,0.171570028440948,0.514710085322845,0.514710085322845
"379",925037,"E02002377","E02002354",6,0,0,0,1,1,0,1,1,0,2,0,3256.59300724112,0.156407358026212,0.938444148157275,0.938444148157275
"380",925040,"E02002377","E02002358",8,0,0,0,1,0,0,6,1,0,0,0,4517.62293538252,0.12154175758715,0.972334060697202,0.972334060697202
"381",925043,"E02002377","E02002361",21,0,0,0,12,2,0,6,0,0,1,0,1550.25752112065,0.220022754474196,4.62047784395812,4.62047784395812
"382",925045,"E02002377","E02002363",30,0,0,0,7,0,0,11,2,0,9,1,1784.24459445398,0.209963468437947,6.29890405313842,6.29890405313842
"383",925046,"E02002377","E02002364",24,0,0,0,11,0,0,13,0,0,0,0,3689.65371397093,0.143430662727863,3.44233590546871,3.44233590546871
"384",925047,"E02002377","E02002366",29,0,0,0,9,2,0,5,2,0,11,0,2041.58093865313,0.199430596169044,5.78348728890229,5.78348728890229
"385",925048,"E02002377","E02002367",7,0,0,0,2,0,0,2,1,0,2,0,2224.49176171278,0.19226682528885,1.34586777702195,1.34586777702195
"386",925050,"E02002377","E02002369",6,0,0,0,1,0,0,3,2,0,0,0,2649.46254935286,0.176600472690977,1.05960283614586,1.05960283614586
"387",925051,"E02002377","E02002371",62,0,0,0,7,1,0,17,4,0,33,0,858.634123038262,0.25266276377358,15.665091353962,15.665091353962
"388",925055,"E02002377","E02002376",16,0,0,0,4,0,0,8,1,0,3,0,1311.87564749827,0.230766723467737,3.6922675754838,3.6922675754838
"389",925056,"E02002377","E02002377",129,0,0,0,11,4,0,29,5,1,79,0,0,0.3,38.7,37.7
"390",925057,"E02002377","E02002379",5,0,0,0,4,0,0,1,0,0,0,0,3581.49524340222,0.146567112003873,0.732835560019363,0.732835560019363
"391",925060,"E02002377","E02002382",53,0,0,0,2,4,0,18,2,0,27,0,667.724094717265,0.262496475614941,13.9123132075918,13.9123132075918
"392",925062,"E02002377","E02002384",42,0,0,0,12,1,0,18,1,1,9,0,1850.86989122313,0.207184250503237,8.70173852113595,7.70173852113595
"393",925067,"E02002377","E02002389",2,0,0,0,1,0,0,1,0,0,0,0,2028.09464460764,0.19996923820329,0.39993847640658,0.39993847640658
"394",925068,"E02002377","E02002390",9,0,0,0,1,0,0,8,0,0,0,0,3485.99218259856,0.149393540896032,1.34454186806429,1.34454186806429
"395",925071,"E02002377","E02002393",93,0,0,0,20,1,0,32,3,0,37,0,1262.74430244137,0.23304547685782,21.6732293477773,21.6732293477773
"396",925072,"E02002377","E02002394",20,0,0,1,5,1,0,6,1,0,6,0,1506.14548667574,0.221972472696419,4.43944945392837,4.43944945392837
"397",925082,"E02002377","E02002404",47,0,0,0,11,3,0,25,1,0,7,0,2577.68039929619,0.179154111727075,8.42024325117253,8.42024325117253
"398",925192,"E02002377","E02006861",27,0,0,3,12,0,0,9,0,0,3,0,3033.75950361322,0.163535578788527,4.41546062729022,4.41546062729022
"399",925257,"E02002379","E02002344",3,0,0,0,0,0,0,3,0,0,0,0,5972.91606887023,0.0908490429947723,0.272547128984317,0.272547128984317
"400",925260,"E02002379","E02002347",3,0,0,0,1,0,0,2,0,0,0,0,6902.40666758633,0.0754372467025122,0.226311740107537,0.226311740107537
"401",925262,"E02002379","E02002349",9,0,0,0,2,0,0,3,2,1,1,0,3859.59385271057,0.138637651278997,1.24773886151098,0.247738861510975
"402",925265,"E02002379","E02002352",6,0,0,0,0,0,0,4,0,2,0,0,5349.68117220466,0.102909117073783,0.6174547024427,-1.3825452975573
"403",925266,"E02002379","E02002353",1,0,0,0,1,0,0,0,0,0,0,0,4572.8970421067,0.120205534632295,0.120205534632295,0.120205534632295
"404",925267,"E02002379","E02002354",2,0,0,0,0,0,0,0,2,0,0,0,6154.58895621416,0.087607331154013,0.175214662308026,0.175214662308026
"405",925270,"E02002379","E02002358",53,0,0,0,1,1,0,22,6,3,20,0,2419.78658213092,0.184901852677131,9.79979819188796,6.79979819188796
"406",925272,"E02002379","E02002361",7,0,0,0,4,0,0,3,0,0,0,0,3680.30126326724,0.143699199437714,1.005894396064,1.005894396064
"407",925274,"E02002379","E02002363",7,0,0,0,0,0,0,6,0,0,1,0,4878.46889074152,0.11307922695186,0.791554588663023,0.791554588663023
"408",925275,"E02002379","E02002364",75,0,0,0,8,1,1,30,3,1,31,0,1363.402597909,0.228400794214998,17.1300595661249,16.1300595661249
"409",925276,"E02002379","E02002366",14,0,0,0,3,0,0,6,1,0,4,0,2398.69862293609,0.185683340060969,2.59956676085356,2.59956676085356
"410",925278,"E02002379","E02002369",11,0,0,1,0,0,0,8,0,0,1,1,1232.94839943241,0.234438383110756,2.57882221421831,2.57882221421831
"411",925280,"E02002379","E02002371",16,0,0,0,2,0,0,11,1,0,2,0,4379.73387912092,0.124940259471488,1.9990441515438,1.9990441515438
"412",925283,"E02002379","E02002376",9,0,0,0,0,0,0,4,3,0,2,0,2271.3979378379,0.190471559048692,1.71424403143822,1.71424403143822
"413",925284,"E02002379","E02002379",66,0,0,0,4,0,0,13,2,0,47,0,0,0.3,19.8,19.8
"414",925287,"E02002379","E02002382",7,0,0,0,1,0,0,4,1,0,1,0,3136.57243762006,0.160207201552031,1.12145041086422,1.12145041086422
"415",925288,"E02002379","E02002384",31,0,0,0,2,0,0,22,4,1,2,0,5333.70453435945,0.103238471329813,3.20039261122421,2.20039261122421
"416",925293,"E02002379","E02002389",3,0,0,0,1,0,0,1,0,0,1,0,1842.34095142851,0.207537964497793,0.622613893493379,0.622613893493379
"417",925294,"E02002379","E02002390",94,0,0,0,5,2,0,33,5,4,45,0,926.524713320822,0.249255265000766,23.429994910072,19.429994910072
"418",925297,"E02002379","E02002393",70,0,0,0,33,1,0,29,4,1,2,0,4068.94069811658,0.132952820875791,9.30669746130539,8.30669746130539
"419",925298,"E02002379","E02002394",15,0,0,0,3,1,0,9,2,0,0,0,3225.14623508318,0.157394159255067,2.360912388826,2.360912388826
"420",925308,"E02002379","E02002404",25,0,0,0,5,0,0,17,2,0,1,0,4318.90039365817,0.126469654741504,3.16174136853761,3.16174136853761
"421",925406,"E02002379","E02006861",8,0,0,0,2,0,0,4,2,0,0,0,6613.06839572419,0.0799314022941045,0.639451218352836,0.639451218352836
"422",926090,"E02002382","E02002349",15,0,0,0,5,0,0,5,2,0,3,0,3677.65821520215,0.143775180296257,2.15662770444385,2.15662770444385
"423",926092,"E02002382","E02002352",21,0,0,0,4,2,0,10,2,0,2,1,3643.37624633321,0.144764346729485,3.04005128131918,3.04005128131918
"424",926093,"E02002382","E02002353",6,0,0,0,1,0,0,2,0,0,3,0,3299.31500953353,0.155076644096856,0.930459864581134,0.930459864581134
"425",926094,"E02002382","E02002354",3,0,0,0,0,0,0,2,1,0,0,0,3919.39865015139,0.13698928959398,0.41096786878194,0.41096786878194
"426",926097,"E02002382","E02002358",9,0,0,0,3,0,0,4,1,1,0,0,4407.52703947027,0.124247689193326,1.11822920273993,0.11822920273993
"427",926100,"E02002382","E02002361",8,0,0,0,4,1,0,3,0,0,0,0,2011.8192097681,0.200621216011107,1.60496972808886,1.60496972808886
"428",926102,"E02002382","E02002363",8,0,0,0,2,1,0,4,0,0,1,0,2446.80719300937,0.183905315604083,1.47124252483266,1.47124252483266
"429",926103,"E02002382","E02002364",16,0,0,0,5,1,0,8,2,0,0,0,3468.06522971868,0.149930136467196,2.39888218347513,2.39888218347513
"430",926104,"E02002382","E02002366",30,0,0,0,6,3,0,6,2,0,12,1,2079.00935275263,0.197943295656609,5.93829886969828,5.93829886969828
"431",926105,"E02002382","E02002367",12,0,0,0,1,0,0,2,0,0,9,0,2836.28175287019,0.170123751816258,2.0414850217951,2.0414850217951
"432",926107,"E02002382","E02002369",16,0,0,0,0,3,0,8,2,0,3,0,2377.25051346829,0.186481562193334,2.98370499509334,2.98370499509334
"433",926108,"E02002382","E02002371",36,0,0,0,8,2,0,12,0,2,12,0,1503.36240056824,0.22209606078986,7.99545818843495,5.99545818843495
"434",926111,"E02002382","E02002376",30,0,0,0,2,1,0,4,3,0,20,0,979.95714217032,0.246605784192136,7.39817352576408,7.39817352576408
"435",926112,"E02002382","E02002377",46,0,0,0,4,1,0,9,1,0,31,0,667.724094717265,0.262496475614941,12.0748378782873,12.0748378782873
"436",926113,"E02002382","E02002379",2,0,0,0,1,0,0,0,0,0,1,0,3136.57243762006,0.160207201552031,0.320414403104062,0.320414403104062
"437",926116,"E02002382","E02002382",73,0,0,0,7,4,0,24,3,0,35,0,0,0.3,21.9,21.9
"438",926118,"E02002382","E02002384",45,0,0,0,10,2,1,21,1,0,9,1,2197.69567094785,0.193299991156979,8.69849960206403,8.69849960206403
"439",926123,"E02002382","E02002389",1,0,0,0,0,0,0,0,0,0,1,0,1436.80927965859,0.22507206025384,0.22507206025384,0.22507206025384
"440",926124,"E02002382","E02002390",11,0,0,0,4,0,0,2,3,0,2,0,2920.73589781656,0.167274352717928,1.84001787989721,1.84001787989721
"441",926127,"E02002382","E02002393",94,0,0,0,9,11,0,19,7,1,44,3,1088.96900921439,0.241287380384003,22.6810137560962,21.6810137560962
"442",926128,"E02002382","E02002394",46,0,0,0,4,0,0,12,3,1,26,0,908.620592144838,0.250149404216708,11.5068725939686,10.5068725939686
"443",926138,"E02002382","E02002404",45,0,0,0,9,5,0,21,4,0,6,0,2141.86085088184,0.195470662549601,8.79617981473204,8.79617981473204
"444",926231,"E02002382","E02006861",18,0,0,0,5,0,0,6,2,0,4,1,3563.79741136626,0.147086815249402,2.64756267448924,2.64756267448924
"445",926742,"E02002384","E02002347",17,0,0,1,9,0,0,6,0,0,1,0,4455.57129218751,0.123059529284876,2.0920119978429,2.0920119978429
"446",926744,"E02002384","E02002349",5,0,0,0,0,1,0,2,0,0,2,0,4882.70698497359,0.112983419477805,0.564917097389023,0.564917097389023
"447",926747,"E02002384","E02002352",18,0,0,0,13,1,0,1,0,1,1,1,3713.26481598089,0.142754948218147,2.56958906792664,1.56958906792664
"448",926748,"E02002384","E02002353",4,0,0,0,3,0,0,0,1,0,0,0,3893.01793273781,0.137713974831992,0.550855899327966,0.550855899327966
"449",926749,"E02002384","E02002354",12,0,0,0,4,0,0,5,1,1,1,0,3297.8276836596,0.155122780859597,1.86147337031516,0.861473370315164
"450",926752,"E02002384","E02002358",11,0,0,0,5,0,1,4,0,1,0,0,6351.89132484582,0.0842176239307214,0.926393863237935,-0.0736061367620648
"451",926755,"E02002384","E02002361",8,0,0,0,3,0,0,4,0,0,1,0,2975.73506900422,0.165444445355641,1.32355556284513,1.32355556284513
"452",926757,"E02002384","E02002363",18,0,0,0,10,1,0,4,1,0,2,0,2227.18010476123,0.192163477238199,3.45894259028758,3.45894259028758
"453",926758,"E02002384","E02002364",11,0,0,0,5,0,0,4,1,0,1,0,5540.0767373353,0.0990641011717713,1.08970511288948,1.08970511288948
"454",926759,"E02002384","E02002366",9,0,0,0,6,0,0,2,0,1,0,0,3851.43038410431,0.138864188984791,1.24977770086312,0.249777700863119
"455",926760,"E02002384","E02002367",1,0,0,0,0,0,0,0,0,0,1,0,1448.0596599927,0.224566200322839,0.224566200322839,0.224566200322839
"456",926762,"E02002384","E02002369",5,0,0,0,0,1,0,2,0,0,2,0,4489.62208877116,0.122224321462127,0.611121607310637,0.611121607310637
"457",926764,"E02002384","E02002371",35,0,0,0,9,1,0,3,1,0,21,0,1414.16678423151,0.226093610171016,7.91327635598557,7.91327635598557
"458",926768,"E02002384","E02002376",6,0,0,0,2,0,0,3,0,0,1,0,3112.71457842538,0.160973468418195,0.965840810509169,0.965840810509169
"459",926769,"E02002384","E02002377",15,0,0,0,7,2,0,2,3,0,1,0,1850.86989122313,0.207184250503237,3.10776375754855,3.10776375754855
"460",926770,"E02002384","E02002379",4,0,0,0,0,0,0,2,0,0,2,0,5333.70453435945,0.103238471329813,0.412953885319253,0.412953885319253
"461",926773,"E02002384","E02002382",13,0,0,0,3,0,0,7,1,0,2,0,2197.69567094785,0.193299991156979,2.51289988504072,2.51289988504072
"462",926775,"E02002384","E02002384",166,0,0,2,13,2,0,30,1,2,116,0,0,0.3,49.8,47.8
"463",926780,"E02002384","E02002389",3,0,0,0,3,0,0,0,0,0,0,0,3593.70551236138,0.14620962391248,0.438628871737441,0.438628871737441
"464",926781,"E02002384","E02002390",22,0,0,0,8,0,0,10,0,2,2,0,5073.04066304667,0.108763341406783,2.39279351094922,0.392793510949221
"465",926784,"E02002384","E02002393",73,0,0,0,11,4,0,26,4,0,28,0,1491.30595984071,0.222632244575414,16.2521538540052,16.2521538540052
"466",926785,"E02002384","E02002394",25,0,0,0,7,0,0,7,2,0,9,0,2440.66351578224,0.184131425470123,4.60328563675308,4.60328563675308
"467",926794,"E02002384","E02002404",40,0,0,0,8,0,0,12,1,1,16,2,2592.43400662224,0.178626257003145,7.14505028012581,6.14505028012581
"468",926957,"E02002384","E02006861",54,0,0,0,8,1,0,13,1,0,31,0,1593.69998342308,0.218119369179054,11.7784459356689,11.7784459356689
"469",928379,"E02002389","E02002344",2,0,0,0,0,0,0,2,0,0,0,0,5600.13059716959,0.0978813817472406,0.195762763494481,0.195762763494481
"470",928381,"E02002389","E02002347",1,0,0,0,0,0,0,1,0,0,0,0,6061.85776410164,0.0892472780214779,0.0892472780214779,0.0892472780214779
"471",928383,"E02002389","E02002349",11,0,0,0,3,0,0,6,1,0,1,0,3895.2413494663,0.137652749334902,1.51418024268392,1.51418024268392
"472",928386,"E02002389","E02002352",8,0,0,0,4,0,0,4,0,0,0,0,4590.57720356458,0.119781234591635,0.958249876733082,0.958249876733082
"473",928387,"E02002389","E02002353",2,0,0,0,2,0,0,0,0,0,0,0,4019.95453188535,0.134261792351886,0.268523584703772,0.268523584703772
"474",928388,"E02002389","E02002354",4,0,0,0,1,0,0,3,0,0,0,0,5108.18346263939,0.108001571951883,0.432006287807532,0.432006287807532
"475",928391,"E02002389","E02002358",29,0,0,0,5,0,0,21,3,0,0,0,3686.83141352882,0.143511646466323,4.16183774752335,4.16183774752335
"476",928394,"E02002389","E02002361",15,0,0,0,5,1,0,4,3,1,1,0,2805.66060005317,0.171168825767214,2.56753238650821,1.56753238650821
"477",928396,"E02002389","E02002363",13,0,0,0,1,0,0,9,0,0,3,0,3671.83336454579,0.143942771687449,1.87125603193683,1.87125603193683
"478",928397,"E02002389","E02002364",42,0,0,0,14,1,0,19,5,0,3,0,2594.75656271219,0.17854330237111,7.49881869958662,7.49881869958662
"479",928398,"E02002389","E02002366",38,0,0,0,6,5,0,8,4,0,15,0,2063.7330449498,0.198548989003641,7.54486158213836,7.54486158213836
"480",928399,"E02002389","E02002367",4,0,0,0,1,1,0,2,0,0,0,0,4250.08146636803,0.128222390405109,0.512889561620436,0.512889561620436
"481",928401,"E02002389","E02002369",11,0,0,0,0,0,0,9,1,0,1,0,1569.85971562074,0.219161857358591,2.4107804309445,2.4107804309445
"482",928403,"E02002389","E02002371",30,0,0,0,4,1,0,20,3,0,2,0,2885.98600159214,0.168440955233368,5.05322865700103,5.05322865700103
"483",928406,"E02002389","E02002376",34,0,0,0,2,4,0,10,2,0,16,0,977.910865024461,0.246706729603002,8.38802880650206,8.38802880650206
"484",928407,"E02002389","E02002377",11,0,0,0,5,0,0,6,0,0,0,0,2028.09464460764,0.19996923820329,2.19966162023619,2.19966162023619
"485",928408,"E02002389","E02002379",16,0,0,0,4,1,0,10,0,0,1,0,1842.34095142851,0.207537964497793,3.32060743196469,3.32060743196469
"486",928411,"E02002389","E02002382",31,0,0,0,9,2,0,5,4,1,10,0,1436.80927965859,0.22507206025384,6.97723386786904,5.97723386786904
"487",928413,"E02002389","E02002384",37,0,1,0,8,0,0,22,3,1,2,0,3593.70551236138,0.14620962391248,5.40975608476178,4.40975608476178
"488",928418,"E02002389","E02002389",48,0,0,0,7,0,0,15,1,1,23,1,0,0.3,14.4,13.4
"489",928419,"E02002389","E02002390",67,0,0,0,14,2,0,23,5,0,23,0,1485.91744544141,0.222872305320386,14.9324444564659,14.9324444564659
"490",928422,"E02002389","E02002393",160,0,0,2,45,5,1,51,28,3,25,0,2244.25760828582,0.191508262326686,30.6413219722698,27.6413219722698
"491",928423,"E02002389","E02002394",71,0,0,0,11,3,0,27,4,0,26,0,1384.14392593173,0.227455289514481,16.1493255555282,16.1493255555282
"492",928433,"E02002389","E02002404",44,0,0,0,12,0,3,19,4,0,6,0,2559.63753451101,0.179801770268538,7.91127789181566,7.91127789181566
"493",928531,"E02002389","E02006861",14,0,0,0,2,0,0,10,2,0,0,0,5000.52708513614,0.110352198737514,1.5449307823252,1.5449307823252
"494",928629,"E02002390","E02002347",4,0,0,0,0,0,0,3,0,0,1,0,7257.38894022425,0.070267169680288,0.281068678721152,0.281068678721152
"495",928631,"E02002390","E02002349",5,0,0,0,0,0,0,5,0,0,0,0,4517.0602398226,0.121555436558313,0.607777182791567,0.607777182791567
"496",928634,"E02002390","E02002352",7,0,0,0,2,0,0,5,0,0,0,0,5725.91319881039,0.0954497408271018,0.668148185789713,0.668148185789713
"497",928635,"E02002390","E02002353",5,0,0,0,1,1,0,2,0,0,1,0,5025.59028873473,0.109800426884984,0.549002134424918,0.549002134424918
"498",928636,"E02002390","E02002354",4,0,0,0,0,0,1,3,0,0,0,0,6399.24928087681,0.0834237147512862,0.333694859005145,0.333694859005145
"499",928639,"E02002390","E02002358",61,0,0,0,8,0,0,37,6,3,6,1,3340.35450914999,0.153808999986385,9.38234899916946,6.38234899916946
"500",928642,"E02002390","E02002361",5,0,0,0,1,0,0,3,0,0,1,0,3966.48359857937,0.135705317929302,0.678526589646509,0.678526589646509
"501",928644,"E02002390","E02002363",14,0,0,0,4,0,0,10,0,0,0,0,5020.89330242129,0.109903621568254,1.53865070195556,1.53865070195556
"502",928645,"E02002390","E02002364",49,0,0,0,8,3,0,24,2,1,11,0,2257.52915476394,0.191000614191433,9.35903009538021,8.35903009538021
"503",928646,"E02002390","E02002366",12,0,0,0,1,1,0,8,0,0,2,0,2846.92069508876,0.169762149306392,2.03714579167671,2.03714579167671
"504",928647,"E02002390","E02002367",8,0,0,0,1,0,0,7,0,0,0,0,5709.43296936101,0.0957648666022609,0.766118932818087,0.766118932818087
"505",928649,"E02002390","E02002369",9,0,0,0,0,0,0,6,2,0,1,0,1783.66061583363,0.209987992705409,1.88989193434868,1.88989193434868
"506",928651,"E02002390","E02002371",24,0,0,0,2,0,0,15,5,0,2,0,4336.06961042756,0.126036122524955,3.02486694059892,3.02486694059892
"507",928655,"E02002390","E02002376",11,0,0,0,0,0,0,8,1,0,2,0,2267.93129272086,0.190603664299624,2.09664030729587,2.09664030729587
"508",928656,"E02002390","E02002377",9,0,0,0,3,1,0,4,0,0,1,0,3485.99218259856,0.149393540896032,1.34454186806429,1.34454186806429
"509",928657,"E02002390","E02002379",28,0,0,1,0,0,0,14,0,1,12,0,926.524713320822,0.249255265000766,6.97914742002145,5.97914742002145
"510",928658,"E02002390","E02002382",9,0,0,0,2,0,0,5,1,0,1,0,2920.73589781656,0.167274352717928,1.50546917446135,1.50546917446135
"511",928660,"E02002390","E02002384",25,0,0,1,2,0,1,18,2,1,0,0,5073.04066304667,0.108763341406783,2.71908353516957,1.71908353516957
"512",928665,"E02002390","E02002389",7,0,0,0,3,0,0,1,1,0,2,0,1485.91744544141,0.222872305320386,1.5601061372427,1.5601061372427
"513",928666,"E02002390","E02002390",166,0,0,1,10,1,0,51,5,2,96,0,0,0.3,49.8,47.8
"514",928669,"E02002390","E02002393",140,0,0,0,31,5,0,71,20,1,11,1,3679.8660915916,0.14371170674627,20.1196389444778,19.1196389444778
"515",928670,"E02002390","E02002394",51,0,0,0,17,2,0,24,3,1,4,0,2749.95088983959,0.173086643168359,8.82741880158632,7.82741880158632
"516",928680,"E02002390","E02002404",43,0,0,0,5,1,0,32,4,0,1,0,3658.43047964851,0.144329138979875,6.20615297613461,6.20615297613461
"517",928807,"E02002390","E02006861",17,0,0,0,4,0,1,9,1,0,2,0,6484.0289623022,0.0820211123817994,1.39435891049059,1.39435891049059
"518",929701,"E02002393","E02002344",3,0,0,0,1,0,0,2,0,0,0,0,5534.52145366497,0.0991742281758283,0.297522684527485,0.297522684527485
"519",929704,"E02002393","E02002347",3,0,0,0,3,0,0,0,0,0,0,0,5295.31371203056,0.104034204266746,0.312102612800238,0.312102612800238
"520",929706,"E02002393","E02002349",11,0,0,0,3,0,0,6,1,0,1,0,4632.76214137664,0.118774893020343,1.30652382322377,1.30652382322377
"521",929709,"E02002393","E02002352",16,0,0,0,6,0,0,4,2,2,1,1,4174.86369281899,0.130165892890714,2.08265428625142,0.0826542862514206
"522",929710,"E02002393","E02002353",6,0,0,0,1,0,0,4,1,0,0,0,4029.10517197907,0.134016300792866,0.804097804757199,0.804097804757199
"523",929711,"E02002393","E02002354",4,0,0,0,1,0,0,1,1,0,1,0,4156.06995425688,0.130656074299863,0.522624297199452,0.522624297199452
"524",929714,"E02002393","E02002358",17,0,0,0,11,0,0,5,0,0,1,0,5494.60906177867,0.099969052420989,1.69947389115681,1.69947389115681
"525",929717,"E02002393","E02002361",14,0,0,0,8,0,0,2,2,1,1,0,2810.4378053241,0.171005362146241,2.39407507004738,1.39407507004738
"526",929719,"E02002393","E02002363",14,0,0,1,4,2,0,6,0,0,1,0,2757.1090539839,0.172839023939963,2.41974633515948,2.41974633515948
"527",929720,"E02002393","E02002364",19,0,0,0,10,0,0,7,2,0,0,0,4536.43454619956,0.121085337476937,2.3006214120618,2.3006214120618
"528",929721,"E02002393","E02002366",27,0,0,0,15,0,0,5,2,0,5,0,3146.83820800664,0.159878608924026,4.31672244094871,4.31672244094871
"529",929722,"E02002393","E02002367",7,0,0,0,1,0,0,2,0,1,3,0,2625.7711745161,0.177439239875448,1.24207467912814,0.242074679128136
"530",929724,"E02002393","E02002369",5,0,0,0,1,0,0,2,2,0,0,0,3439.205451613,0.150798028869852,0.753990144349262,0.753990144349262
"531",929726,"E02002393","E02002371",39,0,0,1,14,1,0,4,3,1,15,0,1649.893559271,0.215681711444426,8.41158674633261,7.41158674633261
"532",929729,"E02002393","E02002376",3,0,0,0,0,0,0,2,0,0,1,0,2056.75005644496,0.198826475788813,0.59647942736644,0.59647942736644
"533",929730,"E02002393","E02002377",35,0,0,0,8,2,0,12,1,0,12,0,1262.74430244137,0.23304547685782,8.1565916900237,8.1565916900237
"534",929731,"E02002393","E02002379",4,0,0,0,2,0,0,2,0,0,0,0,4068.94069811658,0.132952820875791,0.531811283503165,0.531811283503165
"535",929733,"E02002393","E02002382",26,0,1,0,8,2,0,2,0,0,13,0,1088.96900921439,0.241287380384003,6.27347188998407,6.27347188998407
"536",929735,"E02002393","E02002384",64,0,0,0,12,1,0,16,1,0,34,0,1491.30595984071,0.222632244575414,14.2484636528265,14.2484636528265
"537",929740,"E02002393","E02002389",4,0,0,0,0,0,0,1,0,0,3,0,2244.25760828582,0.191508262326686,0.766033049306746,0.766033049306746
"538",929741,"E02002393","E02002390",23,0,0,0,12,0,0,3,2,0,6,0,3679.8660915916,0.14371170674627,3.30536925516422,3.30536925516422
"539",929744,"E02002393","E02002393",265,0,0,4,15,6,1,41,7,0,185,6,0,0.3,79.5,79.5
"540",929745,"E02002393","E02002394",51,0,0,0,4,0,0,15,1,2,29,0,962.018560370494,0.247492124817198,12.6220983656771,10.6220983656771
"541",929755,"E02002393","E02002404",79,0,0,0,10,0,0,21,1,1,45,1,1409.71078335071,0.226295194648948,17.8773203772669,16.8773203772669
"542",929872,"E02002393","E02006861",19,0,0,0,11,0,0,3,1,1,3,0,3062.0969938912,0.162611362684068,3.08961589099729,2.08961589099729
"543",929967,"E02002394","E02002344",1,0,0,0,0,0,0,1,0,0,0,0,5786.89720784489,0.0942926301251343,0.0942926301251343,0.0942926301251343
"544",929970,"E02002394","E02002347",4,0,0,0,0,0,0,4,0,0,0,0,5827.01310161642,0.0935391302724138,0.374156521089655,0.374156521089655
"545",929972,"E02002394","E02002349",7,0,0,1,3,0,0,2,1,0,0,0,4521.97421765247,0.121436031099433,0.850052217696028,0.850052217696028
"546",929975,"E02002394","E02002352",10,0,0,0,1,0,0,8,0,0,1,0,4537.8608980109,0.121050800345294,1.21050800345294,1.21050800345294
"547",929976,"E02002394","E02002353",3,0,0,0,2,0,0,0,1,0,0,0,4207.44991827314,0.129320328233243,0.387960984699728,0.387960984699728
"548",929977,"E02002394","E02002354",5,0,0,0,2,0,0,3,0,0,0,0,4738.36557288951,0.116292591990339,0.581462959951693,0.581462959951693
"549",929980,"E02002394","E02002358",12,0,0,0,4,0,0,5,1,1,1,0,4919.13063523798,0.11216335636221,1.34596027634652,0.345960276346523
"550",929982,"E02002394","E02002361",13,0,0,0,7,0,0,3,1,0,2,0,2918.77159813558,0.167340081019627,2.17542105325515,2.17542105325515
"551",929984,"E02002394","E02002363",21,0,0,0,5,1,0,10,3,2,0,0,3273.21107299173,0.155888383387501,3.27365605113752,1.27365605113752
"552",929985,"E02002394","E02002364",20,0,0,0,10,0,0,8,1,0,1,0,3880.68506763795,0.138054075676138,2.76108151352275,2.76108151352275
"553",929986,"E02002394","E02002366",33,0,0,0,18,3,0,5,1,0,6,0,2814.4778662088,0.170867243539578,5.63861903680607,5.63861903680607
"554",929987,"E02002394","E02002367",6,0,0,0,1,0,0,2,1,0,2,0,3433.58862059855,0.150967525464495,0.905805152786971,0.905805152786971
"555",929989,"E02002394","E02002369",9,0,0,0,4,0,0,5,0,0,0,0,2793.11827652121,0.171598735707011,1.5443886213631,1.5443886213631
"556",929991,"E02002394","E02002371",19,0,0,0,6,1,0,7,3,0,2,0,2231.95689064335,0.19197998014776,3.64761962280744,3.64761962280744
"557",929994,"E02002394","E02002376",9,0,0,0,1,0,0,2,2,1,3,0,1555.33447013762,0.219799458997949,1.97819513098154,0.978195130981537
"558",929995,"E02002394","E02002377",10,0,0,0,2,0,0,5,0,0,3,0,1506.14548667574,0.221972472696419,2.21972472696419,2.21972472696419
"559",929996,"E02002394","E02002379",10,0,0,0,2,0,0,6,1,0,1,0,3225.14623508318,0.157394159255067,1.57394159255067,1.57394159255067
"560",929999,"E02002394","E02002382",48,0,0,0,5,4,1,7,2,0,29,0,908.620592144838,0.250149404216708,12.007171402402,12.007171402402
"561",930001,"E02002394","E02002384",48,0,0,0,14,2,0,19,3,4,6,0,2440.66351578224,0.184131425470123,8.83830842256591,4.83830842256591
"562",930006,"E02002394","E02002389",12,0,0,0,0,0,0,2,1,0,9,0,1384.14392593173,0.227455289514481,2.72946347417378,2.72946347417378
"563",930007,"E02002394","E02002390",45,0,0,0,16,3,0,13,2,4,7,0,2749.95088983959,0.173086643168359,7.78889894257617,3.78889894257617
"564",930010,"E02002394","E02002393",230,0,0,0,31,6,1,39,20,2,130,1,962.018560370494,0.247492124817198,56.9231887079556,54.9231887079556
"565",930011,"E02002394","E02002394",144,0,0,0,15,1,1,35,4,0,86,2,0,0.3,43.2,43.2
"566",930021,"E02002394","E02002404",49,0,0,0,3,1,0,21,0,6,18,0,1333.69997244782,0.229761652969871,11.2583209955237,5.25832099552368
"567",930123,"E02002394","E02006861",17,0,0,0,4,0,0,8,2,2,1,0,3983.38939246955,0.135247251536355,2.29920327611804,0.299203276118038
"568",933073,"E02002404","E02002347",1,0,0,0,0,0,0,0,0,0,1,0,6701.43707458815,0.0785311263129629,0.0785311263129629,0.0785311263129629
"569",933075,"E02002404","E02002349",11,0,0,3,2,0,0,6,0,0,0,0,5817.41756016081,0.0937188143543219,1.03090695789754,1.03090695789754
"570",933078,"E02002404","E02002352",14,0,0,0,4,1,0,7,0,0,2,0,5572.87059302886,0.0984164884973364,1.37783083896271,1.37783083896271
"571",933079,"E02002404","E02002353",5,0,0,0,3,0,0,2,0,0,0,0,5371.01341598001,0.102470995874758,0.512354979373792,0.512354979373792
"572",933080,"E02002404","E02002354",4,0,0,1,2,0,0,1,0,0,0,0,5556.95151283571,0.098730327830123,0.394921311320492,0.394921311320492
"573",933083,"E02002404","E02002358",21,0,0,0,9,1,0,8,3,0,0,0,6211.29994657674,0.0866192853493479,1.81900499233631,1.81900499233631
"574",933086,"E02002404","E02002361",14,0,0,0,5,0,1,6,1,1,0,0,4109.21831479261,0.131886118515937,1.84640565922312,0.846405659223117
"575",933088,"E02002404","E02002363",10,0,0,0,2,0,0,6,1,0,1,0,4166.80045560462,0.130375973932832,1.30375973932832,1.30375973932832
"576",933089,"E02002404","E02002364",16,0,0,0,10,0,0,5,1,0,0,0,5143.24927185928,0.107246789248636,1.71594862797817,1.71594862797817
"577",933090,"E02002404","E02002366",6,0,0,0,0,0,0,4,2,0,0,0,4144.75946747496,0.130951965601423,0.785711793608536,0.785711793608536
"578",933091,"E02002404","E02002367",14,0,0,0,0,0,0,9,0,2,3,0,3933.71108871044,0.136597720134622,1.91236808188471,-0.0876319181152929
"579",933093,"E02002404","E02002369",8,0,0,0,0,0,0,6,2,0,0,0,4077.2397457284,0.132732327556753,1.06185862045402,1.06185862045402
"580",933095,"E02002404","E02002371",20,0,0,0,5,0,0,10,1,1,3,0,3059.60223601926,0.162692518124126,3.25385036248252,2.25385036248252
"581",933099,"E02002404","E02002376",2,0,0,0,1,0,0,1,0,0,0,0,2888.92699442467,0.168341907637641,0.336683815275282,0.336683815275282
"582",933100,"E02002404","E02002377",7,0,0,0,0,0,0,6,1,0,0,0,2577.68039929619,0.179154111727075,1.25407878208953,1.25407878208953
"583",933101,"E02002404","E02002379",10,0,0,0,1,0,0,5,1,1,2,0,4318.90039365817,0.126469654741504,1.26469654741504,0.264696547415045
"584",933104,"E02002404","E02002382",10,0,0,0,2,1,0,4,3,0,0,0,2141.86085088184,0.195470662549601,1.95470662549601,1.95470662549601
"585",933106,"E02002404","E02002384",47,0,0,0,9,0,0,12,1,0,24,1,2592.43400662224,0.178626257003145,8.39543407914782,8.39543407914782
"586",933111,"E02002404","E02002389",4,0,0,0,3,0,0,1,0,0,0,0,2559.63753451101,0.179801770268538,0.719207081074151,0.719207081074151
"587",933112,"E02002404","E02002390",44,0,0,0,16,2,0,16,3,2,5,0,3658.43047964851,0.144329138979875,6.35048211511448,4.35048211511448
"588",933115,"E02002404","E02002393",144,0,0,0,22,8,0,40,14,1,59,0,1409.71078335071,0.226295194648948,32.5865080294486,31.5865080294486
"589",933116,"E02002404","E02002394",60,0,0,0,10,2,1,25,3,0,19,0,1333.69997244782,0.229761652969871,13.7856991781923,13.7856991781923
"590",933126,"E02002404","E02002404",149,0,0,1,12,2,1,32,11,3,86,1,0,0.3,44.7,41.7
"591",933291,"E02002404","E02006861",31,0,0,0,11,0,0,8,5,0,7,0,4164.91435880863,0.130425163551229,4.0431800700881,4.0431800700881
"592",2285116,"E02006861","E02002347",15,0,0,0,5,0,0,4,0,3,3,0,3625.02663315605,0.145296596743161,2.17944895114741,-0.820551048852592
"593",2285118,"E02006861","E02002349",15,0,0,0,4,0,0,9,0,2,0,0,5252.2247556599,0.104934623564709,1.57401935347064,-0.425980646529364
"594",2285121,"E02006861","E02002352",24,0,0,0,6,1,0,12,0,2,3,0,3467.35398720344,0.149951465321633,3.59883516771919,1.59883516771919
"595",2285122,"E02006861","E02002353",3,0,0,0,2,0,0,1,0,0,0,0,3987.52838282052,0.135135340448816,0.405406021346448,0.405406021346448
"596",2285123,"E02006861","E02002354",11,0,0,0,1,0,0,6,0,3,1,0,2605.40535777915,0.178163452801206,1.95979798081327,-1.04020201918673
"597",2285126,"E02006861","E02002358",10,0,0,0,4,0,0,3,0,1,1,1,7212.59112408203,0.070899561577147,0.70899561577147,-0.29100438422853
"598",2285129,"E02006861","E02002361",6,0,0,0,3,0,0,3,0,0,0,0,3543.10012958757,0.147696936615809,0.886181619694851,0.886181619694851
"599",2285131,"E02006861","E02002363",23,0,0,0,4,3,0,8,2,4,2,0,2314.23437831865,0.188846704564905,4.34347420499282,0.343474204992816
"600",2285132,"E02006861","E02002364",8,0,0,0,7,0,0,1,0,0,0,0,6571.7442590661,0.0805947590208336,0.644758072166669,0.644758072166669
"601",2285133,"E02006861","E02002366",6,0,0,0,1,1,0,3,0,0,0,1,4740.53215919227,0.11624221131915,0.697453267914902,0.697453267914902
"602",2285134,"E02006861","E02002367",11,0,0,2,3,0,0,0,0,2,4,0,1035.47589666465,0.243882681300637,2.68270949430701,0.682709494307012
"603",2285136,"E02006861","E02002369",4,0,0,0,2,0,0,2,0,0,0,0,5613.47797642372,0.0976204382086175,0.39048175283447,0.39048175283447
"604",2285138,"E02006861","E02002371",30,0,0,0,16,1,0,7,2,1,3,0,2253.73815084485,0.191145485920812,5.73436457762436,4.73436457762436
"605",2285142,"E02006861","E02002377",6,0,0,0,0,0,0,3,0,1,1,1,3033.75950361322,0.163535578788527,0.98121347273116,-0.0187865272688398
"606",2285143,"E02006861","E02002379",5,0,0,0,2,0,0,3,0,0,0,0,6613.06839572419,0.0799314022941045,0.399657011470522,0.399657011470522
"607",2285146,"E02006861","E02002382",6,0,0,0,1,0,0,3,0,0,2,0,3563.79741136626,0.147086815249402,0.882520891496414,0.882520891496414
"608",2285148,"E02006861","E02002384",135,0,0,0,17,3,4,26,4,12,69,0,1593.69998342308,0.218119369179054,29.4461148391723,17.4461148391723
"609",2285153,"E02006861","E02002389",2,0,0,0,0,0,0,2,0,0,0,0,5000.52708513614,0.110352198737514,0.220704397475028,0.220704397475028
"610",2285154,"E02006861","E02002390",13,0,0,1,6,0,0,5,1,0,0,0,6484.0289623022,0.0820211123817994,1.06627446096339,1.06627446096339
"611",2285157,"E02006861","E02002393",78,0,0,0,20,0,0,39,2,2,15,0,3062.0969938912,0.162611362684068,12.6836862893573,10.6836862893573
"612",2285158,"E02006861","E02002394",5,0,0,0,2,0,0,3,0,0,0,0,3983.38939246955,0.135247251536355,0.676236257681776,0.676236257681776
"613",2285168,"E02006861","E02002404",8,0,0,0,1,0,0,3,1,1,2,0,4164.91435880863,0.130425163551229,1.04340130840983,0.0434013084098324
"614",2285422,"E02006861","E02006861",149,0,0,6,8,0,0,19,3,8,104,1,0,0.3,44.7,36.7
